family,size,lr,beta,dpo_step,elapsed_time_sec,ARC-C,GPQA,GSM8K,HellaSwag,PIQA,TruthfulQA,IFEval,Arena-Hard,MT-Bench,AlpacaEval,ELO,Z-Static,Z-Dynamic,Z-All,Z-Macro
llama,1b,1e-06,0.01,200,681.9,39.93174061433447,29.29292929292929,14.783927217589085,64.90738896634136,74.9727965179543,40.998700022819456,53.90441805520463,48.86666666666666,54.729729729729726,0.1372878957912619,553.0305458517039,-0.2462112515508353,-0.8108732722245691,-0.451542895432193,-0.5285422618877021
llama,1b,1e-06,0.01,400,1363.8,39.50511945392491,26.767676767676768,14.329037149355573,65.55467038438559,75.24483133841132,41.41820479723065,53.48602818299888,48.99999999999999,60.273972602739725,0.1131698795527174,533.7001807674097,-0.7768534275143463,-1.148983939619218,-0.9121736137342996,-0.9629186835667822
llama,1b,1e-06,0.01,600,2045.7,40.1877133105802,28.78787878787879,15.011372251705838,65.88329018123879,75.40805223068553,41.60120759470734,50.796996413959405,48.43333333333333,65.97222222222221,0.1008001979333833,585.7573569696945,-0.3748849900339656,-0.992623381297382,-0.5995171323115717,-0.6837541856656738
llama,1b,1e-06,0.01,800,2727.6,39.93174061433447,26.262626262626267,15.08718726307809,66.07249551882094,75.24483133841132,41.59110729322996,50.53846017455905,47.766666666666666,63.85135135135135,0.1470578437701925,595.2012559700036,-0.6365774896944041,-1.111332701779753,-0.809215748634531,-0.8739550957370785
llama,1b,1e-06,0.01,1000,3409.5,39.67576791808874,26.767676767676768,15.99696739954511,66.25174268074089,75.24483133841132,41.698712421646064,50.42731064686144,50.4,61.11111111111112,0.098135247769127,608.9941537809457,-0.4951457062929427,-1.012227312735573,-0.6831753813629902,-0.7536865095142579
llama,1b,1e-06,0.01,1200,4091.4,40.27303754266212,27.27272727272727,15.08718726307809,66.23182632941645,75.40805223068553,41.61672695345561,49.91273155228127,48.56666666666666,68.30985915492957,0.1652332741172629,595.2857102204274,-0.2922359714644695,-0.903029026512102,-0.5143425369363359,-0.5976324989882857
llama,1b,1e-06,0.01,1400,4773.3,40.1877133105802,29.7979797979798,15.314632297194844,66.10237004580762,75.1360174102285,41.62040193129819,50.45102550122563,48.03333333333333,68.79432624113475,0.1505426752405772,559.776737451477,-0.2604248464873999,-1.1255042040806742,-0.5749991583394997,-0.6929645252840371
llama,1b,1e-06,0.01,1600,5455.2,39.84641638225256,28.28282828282828,15.390447308567095,66.18203545110536,75.40805223068553,41.619525017654944,50.03762239746096,47.96666666666666,67.73049645390071,0.1404751534203244,586.8077278422425,-0.4157702042081125,-1.1449481606628646,-0.6809258247371133,-0.7803591824354885
llama,1b,1e-06,0.01,1800,6137.1,40.01706484641638,28.28282828282828,15.845337376800606,66.14220274845648,75.1360174102285,41.63998088964041,50.383593310194726,52.73333333333333,64.90066225165563,0.1011341347001567,579.2950795238379,-0.405308094600481,-1.2209406797813678,-0.7019017619389853,-0.8131243871909244
llama,1b,1e-06,0.01,2000,6819.0,40.1877133105802,28.28282828282828,15.238817285822591,66.20195180242979,75.0272034820457,41.61867183871502,49.01971214156217,49.66666666666666,72.6027397260274,0.0995022690228266,626.2670272605557,-0.6725635283003978,-0.355001087240428,-0.5570862770058633,-0.5137823077704129
llama,1b,1e-06,0.01,2031,6924.7,39.84641638225256,27.77777777777778,15.693707354056102,66.14220274845648,75.1904243743199,41.592358023424126,49.58925650607056,46.56666666666666,65.49295774647888,0.1007825232402049,594.9710521014426,-0.5121207199961774,-1.0246156219536544,-0.698482502526169,-0.7683681709749159
llama,1b,1e-06,0.02,200,684.5,39.67576791808874,27.77777777777778,14.404852160727824,65.02688707428798,75.0816104461371,41.07279401941888,54.633816052518426,50.03333333333333,51.70068027210885,0.1099237966791673,534.5776378056712,-0.5323625112823984,-1.0691560410552037,-0.7275601584725094,-0.8007592761688009
llama,1b,1e-06,0.02,400,1368.9,39.93174061433447,27.77777777777778,14.556482183472328,65.55467038438559,75.1904243743199,41.37336151996202,52.3919311870282,49.6,55.66666666666666,0.145517873177552,553.1682120874224,-0.6066351052260256,-1.1670239151348671,-0.8104128542837862,-0.8868295101804464
llama,1b,1e-06,0.02,600,2053.4,40.01706484641638,27.77777777777778,15.08718726307809,65.87333200557659,75.1904243743199,41.61998628812719,51.96478676578147,47.03333333333333,61.37931034482759,0.1516853643571129,594.4331581262692,-0.5644715897578098,-1.142837385933669,-0.7747864247308495,-0.8536544878457393
llama,1b,1e-06,0.02,800,2737.9,40.1877133105802,27.77777777777778,15.5420773313116,66.06253734315874,75.0816104461371,41.574121313612245,51.60756791978617,49.2,67.46575342465754,0.1027144552402393,581.6244367059315,-0.3593890536514629,-0.9943722160847022,-0.5902920218090044,-0.6768806348680826
llama,1b,1e-06,0.02,1000,3422.3,40.1023890784983,28.28282828282828,15.693707354056102,66.17207727544314,75.1360174102285,41.65864029890461,50.617140298851496,49.43333333333334,68.02721088435374,0.1430058408579196,599.2806233422664,-0.3969671765522849,-0.8003038554095299,-0.5436350597731013,-0.5986355159809074
llama,1b,1e-06,0.02,1200,4106.8,40.1023890784983,28.28282828282828,14.935557240333583,66.06253734315874,74.9183895538629,41.69085551167073,50.64212954959507,48.06666666666666,60.40268456375839,0.1078583679511356,616.0519495908095,-0.4974399450743639,-1.0446394898173237,-0.6964215977081675,-0.7710397174458439
llama,1b,1e-06,0.02,1400,4791.3,39.84641638225256,28.78787878787879,15.011372251705838,66.19199362676757,75.24483133841132,41.7125451596272,51.34903168038583,48.7,65.95744680851064,0.0818823179688249,593.316628501055,-0.2977347108512726,-1.0822150118749378,-0.5830002748598783,-0.6899748613631053
llama,1b,1e-06,0.02,1600,5475.7,40.01706484641638,27.77777777777778,15.5420773313116,66.00278828918542,75.0272034820457,41.70012823655232,51.08301528832386,49.36666666666667,67.8082191780822,0.0846634164343703,597.3204470407798,-0.5986419451106685,-0.9479744974501472,-0.7256719641432062,-0.7733082212804079
llama,1b,1e-06,0.02,1800,6160.2,39.93174061433447,29.29292929292929,15.5420773313116,66.17207727544314,75.0272034820457,41.67793043254101,50.42980403108197,48.56666666666666,66.89655172413794,0.0541097012219433,622.0301667131849,-0.4145369942273443,-0.7972108664676492,-0.5536911295874551,-0.6058739303474967
llama,1b,1e-06,0.02,2000,6844.7,40.44368600682594,27.77777777777778,15.08718726307809,66.07249551882094,75.0816104461371,41.68944855775803,50.464766818707695,46.6,66.88741721854305,0.1393111664685868,583.2847974865101,-0.5564494838180408,-1.365794541564484,-0.8507567775440201,-0.9611220126912624
llama,1b,1e-06,0.02,2031,6950.8,40.01706484641638,27.77777777777778,15.238817285822591,66.08245369448316,75.1904243743199,41.65658673121542,50.90814594165703,48.133333333333326,64.04109589041096,0.200072480885302,573.4047791392829,-0.4297935162101844,-1.201296416503718,-0.7103400254078331,-0.8155449663569513
llama,1b,1e-06,0.04,200,683.9,39.93174061433447,28.28282828282828,14.025777103866568,64.91734714200359,75.0272034820457,41.109938396498144,54.20667163127169,50.03333333333333,59.539473684210535,0.0630718950608985,577.6927622334,-0.45477497461821,-0.2546269839437369,-0.3819938871002198,-0.3547009792809735
llama,1b,1e-06,0.04,400,1367.7,39.84641638225256,27.77777777777778,14.859742228961334,65.4052977494523,75.0272034820457,41.3553637729018,52.78411282064921,49.86666666666666,60.06711409395973,0.0844961922716466,584.3518594713818,-0.7266082147211488,-0.7658735528552243,-0.7408865194971761,-0.7462408837881865
llama,1b,1e-06,0.04,600,2051.6,40.358361774744026,28.78787878787879,14.70811220621683,65.73391754630552,75.29923830250273,41.57721680205709,51.697495977340125,47.03333333333333,62.5,0.0962065592644899,581.204374691029,-0.4217022390252637,-1.2738925309801918,-0.731589617917965,-0.8477973850027278
llama,1b,1e-06,0.04,800,2735.4,40.1023890784983,27.77777777777778,15.314632297194844,65.85341565425215,75.0272034820457,41.69924779405888,51.55138366201678,47.46666666666667,64.42953020134227,0.1195287801778149,586.3239043292643,-0.4633507402009012,-1.2063287942461458,-0.7335245780355355,-0.8348397672235235
llama,1b,1e-06,0.04,1000,3419.3,39.76109215017065,28.78787878787879,15.314632297194844,65.85341565425215,75.35364526659413,41.66640823328884,51.15670864417523,48.89999999999999,60.8843537414966,0.1657874877510418,545.0102954278643,-0.371162218621841,-1.5680487777912429,-0.8063936946834417,-0.969605498206542
llama,1b,1e-06,0.04,1200,4103.1,40.01706484641638,26.767676767676768,14.935557240333583,66.0426209918343,75.24483133841132,41.69416014607957,50.29117186842024,49.36666666666666,62.41379310344828,0.0543023441856881,595.2922470587031,-0.4882677402764552,-1.2077339424926914,-0.7498918138096319,-0.8480008413845733
llama,1b,1e-06,0.04,1400,4787.0,40.01706484641638,27.27272727272727,14.935557240333583,66.06253734315874,75.0272034820457,41.60035205094107,49.8040754088042,48.06666666666666,66.89655172413794,0.0980321986848345,592.2730002135352,-0.6721558855763228,-1.0267612168487186,-0.8011032787662848,-0.8494585512125207
llama,1b,1e-06,0.04,1600,5470.8,40.1877133105802,27.77777777777778,15.921152388172857,66.01274646484764,75.1360174102285,41.68230430034664,50.80575096300039,50.4,65.3061224489796,0.1593758201524787,588.1930552792691,-0.4752505378039466,-1.2440368919195477,-0.7548092120278014,-0.8596437148617471
llama,1b,1e-06,0.04,1800,6154.7,39.84641638225256,29.29292929292929,14.859742228961334,65.85341565425215,75.1904243743199,41.67129776754607,50.01390754309676,48.7,67.9054054054054,0.1021595948378447,586.6076575154682,-0.5023879939180855,-1.0375467400026896,-0.6969911743124871,-0.7699673669603876
llama,1b,1e-06,0.04,2000,6838.5,39.76109215017065,28.28282828282828,15.769522365428356,66.0426209918343,75.24483133841132,41.72077137291302,50.30740657012282,50.36666666666667,64.28571428571429,0.1447458723619988,587.168178646897,-0.5072118836197416,-1.3066645953912128,-0.7979219606275493,-0.9069382395054773
llama,1b,1e-06,0.04,2031,6944.5,39.76109215017065,27.77777777777778,15.390447308567095,66.0426209918343,75.0816104461371,41.73143112971404,51.52140764283213,49.5,59.72222222222222,0.1016614798868459,587.8013738680463,-0.4663108711452791,-1.249627400057363,-0.7511532452951278,-0.857969135601321
llama,1b,2e-06,0.01,200,682.9,39.93174061433447,26.262626262626267,14.556482183472328,65.70404301931886,75.24483133841132,41.53659760233892,50.72707083870797,47.9,61.40939597315436,0.0578699904666505,562.321801975151,-0.476331179642239,-0.5726075644062089,-0.5113407741018644,-0.524469372024224
llama,1b,2e-06,0.01,400,1365.7,40.52901023890784,29.29292929292929,15.769522365428356,67.09818761202948,75.1904243743199,42.51023956786579,47.03636351547228,51.73333333333333,67.62589928057554,0.2808254170252122,610.2492864789283,0.1114970481431996,-0.0762356800174478,0.0432306015393278,0.0176306840628758
llama,1b,2e-06,0.01,600,2048.6,40.27303754266212,30.303030303030305,16.224412433661865,67.51643098984266,75.51686615886834,42.92249551142589,47.15000642739044,54.86666666666666,79.64285714285714,0.9204430717107752,626.18416090395,0.3680934573538948,0.7324514115428832,0.5005872588771633,0.550272434448389
llama,1b,2e-06,0.01,800,2731.4,40.69965870307167,28.28282828282828,15.769522365428356,67.69567815176259,75.29923830250273,43.03342025977115,47.61588141686281,60.36666666666666,67.53731343283582,1.462506781542684,613.9191558732696,0.2913372293611976,0.3735783044601929,0.3212430748517413,0.3324577669106953
llama,1b,2e-06,0.01,1000,3414.3,41.12627986348123,27.27272727272727,16.603487490523122,67.70563632742481,75.51686615886834,43.03927819744317,47.17499567813401,58.766666666666666,72.10144927536231,1.1848720980398766,660.4289790425655,0.3276561197515437,0.7066307932736249,0.4654650919413914,0.5171434565125843
llama,1b,2e-06,0.01,1200,4097.2,40.95563139931741,28.78787878787879,16.52767247915087,67.68571997610037,75.29923830250273,43.18808681038649,46.38813902667146,59.96666666666666,68.61313868613139,1.1501058132100894,605.4448575662936,0.4388164615174682,0.1535516254452643,0.3350837938548486,0.2961840434813663
llama,1b,2e-06,0.01,1400,4780.0,41.12627986348123,29.29292929292929,16.67930250189538,67.72555267874925,75.40805223068553,43.15350818748689,46.61171247844608,59.93333333333333,71.22302158273382,0.9456890960550792,640.7486348206261,0.5442751165479065,0.6349127049427091,0.5772342396005621,0.5895939107453079
llama,1b,2e-06,0.01,1600,5462.9,40.870307167235495,29.7979797979798,17.134192570128885,67.69567815176259,75.46245919477693,43.184736767428255,47.17748906235455,59.23333333333333,71.69117647058823,1.3909619464146892,652.7349419610875,0.5245213968489657,1.2118230752386028,0.7744492798997428,0.8681722360437842
llama,1b,2e-06,0.01,1800,6145.7,40.870307167235495,30.80808080808081,17.058377558756636,67.61601274646485,75.51686615886834,43.13776590477701,45.13917516633643,60.0,67.73049645390071,1.375589461399331,653.8091151475126,0.4226515194729691,0.656747846366281,0.5077774565250824,0.539699682919625
llama,1b,2e-06,0.01,2000,6828.6,41.12627986348123,29.7979797979798,17.437452615617893,67.64588727345149,75.46245919477693,43.106591109545,47.65959875352952,59.16666666666666,67.3913043478261,1.2626065404701754,646.5841974627057,0.5632494567841942,0.4643735954263625,0.5272945981086191,0.5138115261052784
llama,1b,2e-06,0.01,2031,6934.5,40.52901023890784,29.7979797979798,16.603487490523122,67.60605457080263,75.68008705114254,43.12738559357928,48.6662610761668,59.83333333333333,71.12676056338029,1.5290467785066428,619.3866648873511,0.6210413155809352,0.5871901682792163,0.6087318074712192,0.6041157419300758
llama,1b,2e-06,0.02,200,684.0,39.84641638225256,27.77777777777778,14.859742228961334,65.76379207329217,75.51686615886834,41.46061367726785,52.7241607822799,49.633333333333326,61.37931034482759,0.193481215647778,589.8795671987012,0.0204200553746161,0.1235077580909966,0.0579064927260272,0.0719639067328063
llama,1b,2e-06,0.02,400,1368.0,40.44368600682594,28.28282828282828,16.83093252463988,66.74965146385182,75.57127312295974,42.46560093102545,47.627129350124335,52.43333333333333,68.38235294117648,0.3095804346409351,609.2857510680225,0.4205527866947217,-0.006554677334542,0.2652409815931713,0.2069990546800898
llama,1b,2e-06,0.02,600,2052.1,40.95563139931741,27.77777777777778,16.67930250189538,67.07827126070504,75.40805223068553,42.78526081032472,47.67832683945264,56.766666666666666,71.11111111111111,0.550776182700624,628.3762126308418,0.1956628630711867,0.3035226056495984,0.2348845876451545,0.2495927343603925
llama,1b,2e-06,0.02,800,2736.1,40.78498293515359,28.78787878787879,16.67930250189538,67.3770165305716,75.68008705114254,42.88805318887451,45.517615482475385,56.43333333333333,71.42857142857143,0.4523303125160228,602.9216204716218,0.5087575658581658,-0.0285120693302002,0.3133867894260327,0.2401227482639827
llama,1b,2e-06,0.02,1000,3420.1,40.69965870307167,30.80808080808081,17.210007581501138,67.34714200358495,75.24483133841132,42.97287747946441,45.060495042044,57.56666666666666,76.83823529411765,0.4129211873836962,627.6926367124486,0.24240843738902,0.3651412326161181,0.2870385447443284,0.3037748350025691
llama,1b,2e-06,0.02,1200,4104.1,40.69965870307167,29.29292929292929,17.058377558756636,67.25751842262497,75.29923830250273,42.89477233156574,46.45933899830228,58.0,75.35714285714286,0.5502937545789546,605.8715529976273,0.3460392831072307,0.2290626688242112,0.30350233245886,0.287550975965721
llama,1b,2e-06,0.02,1400,4788.1,40.69965870307167,28.78787878787879,16.83093252463988,67.32722565226051,75.35364526659413,42.9583447985804,48.12170596240198,57.66666666666666,75.0,0.4975246682001205,651.7283614815453,0.3851629783913147,0.8603769004044657,0.5579680409415514,0.6227699393978903
llama,1b,2e-06,0.02,1600,5472.2,40.69965870307167,28.78787878787879,16.90674753601213,67.40689105755825,75.57127312295974,42.96887209576275,48.08674317477626,57.86666666666666,71.07142857142857,0.6810355662339183,615.9040176943431,0.4249419334791738,0.3434319919980547,0.3953019547587669,0.3841869627386143
llama,1b,2e-06,0.02,1800,6156.2,40.870307167235495,28.78787878787879,16.982562547384383,67.38697470623381,75.78890097932536,42.99059061127115,47.112550255544186,57.79999999999999,72.79411764705883,0.5995224843721502,622.483635653865,0.4626006901370575,0.5391326721293916,0.4904305017706335,0.5008666811332246
llama,1b,2e-06,0.02,2000,6840.2,40.95563139931741,30.303030303030305,16.67930250189538,67.30730930093607,75.68008705114254,43.01075457092611,48.31530339499196,57.86666666666666,75.53956834532374,0.7191628913625615,598.9492068062552,0.5860586437383014,0.2468686767675083,0.462716837567104,0.4164636602529049
llama,1b,2e-06,0.02,2031,6946.2,40.95563139931741,29.29292929292929,16.45185746777862,67.38697470623381,75.51686615886834,42.89530897385889,47.38981458086765,57.7,76.73611111111111,0.7461958511768789,583.679587392942,0.4074566037361571,0.1961509481809216,0.3306181835342533,0.3018037759585394
llama,1b,2e-06,0.04,200,683.4,39.76109215017065,27.27272727272727,14.859742228961334,65.8334993029277,75.57127312295974,41.495491576887176,51.05303926913921,48.96666666666667,59.93150684931506,0.1464403608443203,545.3797451585582,-0.1198244959565769,-0.562008525995415,-0.2806186886979725,-0.3409165109759959
llama,1b,2e-06,0.04,400,1366.8,40.1023890784983,28.28282828282828,16.982562547384383,66.37124078868752,75.46245919477693,42.11605554794523,49.85028612969145,50.6,67.02127659574468,0.1837256198066757,623.2175734922323,0.2815011428265297,-0.1027716690134291,0.1417655748847265,0.0893647369065503
llama,1b,2e-06,0.04,600,2050.1,40.69965870307167,28.78787878787879,16.67930250189538,66.57040430193189,75.1904243743199,42.38238251104168,49.13961621830077,55.86666666666666,65.10791366906474,0.3660038841084608,608.0173458334845,0.033943873428674,-0.3366661151657427,-0.1008233951511138,-0.1513611208685343
llama,1b,2e-06,0.04,800,2733.5,40.44368600682594,28.28282828282828,16.376042456406367,66.76956781517626,75.46245919477693,42.55954103001585,48.16043653062763,54.73333333333333,69.06474820143885,0.3818107003610769,618.884190868816,0.2089562113617133,-0.0855265611011507,0.1018715668297627,0.0617148251302813
llama,1b,2e-06,0.04,1000,3416.9,40.1877133105802,30.303030303030305,17.437452615617893,66.91894045010955,75.78890097932536,42.604315102815605,47.08756100480059,56.8,69.71830985915493,0.3485879810739071,627.0791137358425,0.3650044388171237,-0.0366582802616483,0.2189452682430247,0.1641730792777376
llama,1b,2e-06,0.04,1200,4100.3,40.69965870307167,26.767676767676768,17.437452615617893,66.86914957179845,75.35364526659413,42.67169878008374,47.89563912640682,56.53333333333333,69.93006993006993,0.5366584396922258,613.4351468633125,0.1828633707194273,-0.019658366477005,0.1092191026479974,0.0816025021212111
llama,1b,2e-06,0.04,1400,4783.7,40.27303754266212,28.28282828282828,16.755117513267628,66.90898227444733,75.51686615886834,42.694204046889936,46.20578952734301,55.3,68.97810218978103,0.5100535293372104,625.2709637818367,0.0680337797990549,-0.0662619839612538,0.0191989566134881,0.0008858979189005
llama,1b,2e-06,0.04,1600,5467.1,40.1877133105802,29.7979797979798,16.982562547384383,66.8990240987851,75.51686615886834,42.66078391430421,47.25367580242646,56.9,71.47887323943662,0.5327908505090186,612.9246770900132,0.1676272224691108,0.2395625339980033,0.1937855175705262,0.2035948782335571
llama,1b,2e-06,0.04,1800,6150.4,40.52901023890784,29.29292929292929,16.982562547384383,66.91894045010955,75.35364526659413,42.63327575138577,49.36817643851647,55.56666666666666,67.5,0.3672895256681359,640.8601933239254,0.2276838966997613,-0.0469052960407383,0.1278332811577614,0.0903893003295115
llama,1b,2e-06,0.04,2000,6833.8,40.78498293515359,28.28282828282828,16.90674753601213,66.87910774746067,75.46245919477693,42.67176208297288,48.216620788397016,55.83333333333333,68.92857142857143,0.5914051819399425,624.3435188212895,0.0953897293639996,-0.1107542423980571,0.020428285086888,-0.0076822565170287
llama,1b,2e-06,0.04,2031,6939.7,40.61433447098976,28.78787878787879,16.300227445034114,66.87910774746067,75.51686615886834,42.65066191550277,47.72703094456043,56.56666666666666,69.36619718309859,0.5818259289027455,627.7208737275924,0.1592960218290383,0.1313058454717354,0.1491177758809281,0.1453009336503868
llama,1b,4e-06,0.01,200,683.2,40.61433447098976,27.77777777777778,15.314632297194844,67.27743477394941,75.1360174102285,42.63881192196557,45.95850122120418,49.633333333333326,65.57971014492753,0.5330239493297853,605.7364066640532,0.4642822173725637,1.0425189895637097,0.6745501345329804,0.7534006034681366
llama,1b,4e-06,0.01,400,1366.5,41.46757679180888,26.262626262626267,15.390447308567095,68.20354511053574,75.24483133841132,43.10718966673029,50.889417855733896,62.96666666666666,73.70370370370371,1.6230590614249882,637.3572938361219,0.3766645136841574,1.498287161483161,0.7845272947019769,0.9374758375836592
llama,1b,4e-06,0.01,600,2049.7,42.06484641638225,25.252525252525253,14.63229719484458,68.35291774546903,74.8095756256801,43.31245324740231,52.12591479496624,61.13333333333333,72.3404255319149,2.1408159351000147,637.1161917161277,0.0944949429782569,1.255169409533288,0.5165583853619046,0.6748321762557724
llama,1b,4e-06,0.01,800,2733.0,41.894197952218434,24.24242424242424,14.25322213798332,68.21350328619798,74.70076169749727,43.47689359710801,51.03181779899555,61.86666666666667,75.37878787878788,2.4696519024131525,628.6332349229373,-0.0277066282802165,1.473814060662062,0.5183008949715212,0.7230537161909227
llama,1b,4e-06,0.01,1000,3416.2,42.15017064846416,25.75757575757576,12.282031842304775,68.19358693487352,74.75516866158868,43.549084519690126,51.94855206407887,60.96666666666667,70.83333333333334,2.495765891988553,655.0712145323428,0.1111978031685609,1.1521873544562653,0.4897394581822716,0.6316925788124131
llama,1b,4e-06,0.01,1200,4099.5,42.15017064846416,23.737373737373737,13.798332069749812,68.20354511053574,74.59194776931447,43.51015987291385,51.52140764283213,61.1,74.28571428571429,2.625457707153694,624.0255905451943,0.0996602522753505,1.254525904644976,0.5196113985915779,0.6770930784601632
llama,1b,4e-06,0.01,1400,4782.7,42.06484641638225,24.24242424242424,13.115996967399546,68.1736705835491,74.8095756256801,43.48110639935545,51.715005075422106,62.43333333333333,68.70503597122301,3.0302599241011663,632.4169486406265,0.0913743192141776,1.0388424618320002,0.4359081892570222,0.5651083905230889
llama,1b,4e-06,0.01,1600,5465.9,42.23549488054608,23.232323232323232,13.419257012888552,68.21350328619798,74.9727965179543,43.48093619859591,51.5189142586116,59.56666666666666,69.25925925925925,2.149527918852733,633.993067810897,0.011242847001634,1.0230389137720308,0.3791686894635964,0.5171408803868325
llama,1b,4e-06,0.01,1800,6149.2,42.15017064846416,23.232323232323232,12.054586808188022,68.27325234017127,74.75516866158868,43.56062931668371,50.884431087292825,60.73333333333333,69.20289855072464,2.8895940377745912,641.5474349232115,-0.0416950276494038,1.1702464830187926,0.3990109762299402,0.5642757276846944
llama,1b,4e-06,0.01,2000,6832.4,42.06484641638225,25.75757575757576,13.267626990144048,68.2832105158335,74.8095756256801,43.54314134141355,52.163370966812494,59.46666666666667,68.38235294117648,1.8122251141988803,644.7628055156804,0.1676817721762122,0.7522222328883006,0.3802419397078806,0.4599520025322564
llama,1b,4e-06,0.01,2031,6938.3,41.72354948805461,24.747474747474747,12.357846853677028,68.19358693487352,74.59194776931447,43.56177786060501,51.62757040208867,60.86666666666667,71.58273381294964,2.495657200525787,645.4392598931844,-0.0397928796934827,1.2020996836893487,0.4118044160820923,0.581153401997933
llama,1b,4e-06,0.02,200,682.7,40.52901023890784,26.767676767676768,16.755117513267628,66.94881497709619,75.62568008705114,42.51262726112263,45.13668178211589,54.0,63.12056737588653,0.4753790590090612,609.9969499209282,0.668364356738563,1.394148168911851,0.932285742983395,1.0312562628252069
llama,1b,4e-06,0.02,400,1365.4,40.870307167235495,28.28282828282828,15.08718726307809,67.61601274646485,75.35364526659413,42.80992731110258,50.086326502568745,62.133333333333326,72.42647058823529,1.3218647770339558,640.0157558970905,0.4154671301820166,1.285365145184942,0.7317936810921711,0.8504161376834793
llama,1b,4e-06,0.02,600,2048.1,41.382252559726965,27.27272727272727,14.101592115238818,67.92471619199362,75.0272034820457,42.92942783938799,53.15130520352665,61.66666666666666,70.71428571428572,1.5455254838558132,632.8862122303908,0.1304042083446097,0.926710603172869,0.4199701701003402,0.5285574057587394
llama,1b,4e-06,0.02,800,2730.7,41.29692832764505,26.262626262626267,15.314632297194844,67.99442342162916,75.0272034820457,43.09998935169657,50.16628102324056,61.03333333333333,71.11111111111111,0.9449282348214136,648.4271869172779,0.2325989023765192,0.8876856675223685,0.4708122715204645,0.5601422849494438
llama,1b,4e-06,0.02,1000,3413.4,41.72354948805461,24.747474747474747,13.798332069749812,67.98446524596694,75.0816104461371,43.18305331079905,51.53514896031419,59.8,68.51851851851852,1.5717994323262268,646.208678354447,0.1163907536096596,0.6132715600719452,0.2970746832323088,0.3648311568408023
llama,1b,4e-06,0.02,1200,4096.1,41.72354948805461,24.747474747474747,13.191811978771796,67.89484166500696,74.8639825897715,43.08823882171089,49.72040851607069,57.96666666666667,68.75,1.680240098793499,649.7230574067341,-0.0891286237299732,0.9034813364792144,0.2718204527097314,0.4071763563746206
llama,1b,4e-06,0.02,1400,4778.8,41.46757679180888,26.262626262626267,13.419257012888552,67.84505078669588,74.64635473340587,43.15678771578656,51.35279946098574,59.266666666666666,69.7841726618705,1.1276933155833846,605.4131942305615,-0.0627584605212211,0.197438270172938,0.0318585324584731,0.0673399048258584
llama,1b,4e-06,0.02,1600,5461.5,41.55290102389079,26.767676767676768,13.419257012888552,68.03425612427803,75.1904243743199,43.11096998101376,52.93149953235194,58.36666666666667,72.26277372262774,1.3707262518990102,611.2837768914194,0.2733017139169877,0.7040680237140714,0.4299440083886546,0.4886848688155295
llama,1b,4e-06,0.02,1800,6144.2,41.80887372013652,25.75757575757576,13.419257012888552,67.88488348934474,74.8639825897715,43.2609269257663,52.50186172688467,59.23333333333333,71.05263157894737,1.3254851790875997,613.3952476114205,0.2037870262953299,0.5411090187667684,0.3264495690122167,0.3724480225310492
llama,1b,4e-06,0.02,2000,6826.8,41.80887372013652,26.767676767676768,12.812736921910538,67.9147580163314,74.75516866158868,43.27382107968808,51.20918052988293,59.03333333333333,71.78571428571429,1.6292311568061164,640.0719990473942,-0.0448923423935001,0.847048437019449,0.2794497592112085,0.4010780473129744
llama,1b,4e-06,0.02,2031,6932.7,41.72354948805461,24.747474747474747,12.736921910538287,67.94463254331806,74.8095756256801,43.213788265846816,52.580541851177095,58.266666666666666,68.32061068702289,2.0969240088475973,640.2919704939325,0.0375269644416375,0.7346309954384609,0.2910193393495733,0.3860789799400492
llama,1b,4e-06,0.04,200,683.1,40.01706484641638,28.78787878787879,16.603487490523122,66.57040430193189,75.40805223068553,42.26276781878671,49.79033409132214,53.86666666666667,65.35714285714286,0.1527679952865498,579.624350190744,0.6764377835645641,0.7090974710585761,0.6883140335623866,0.6927676273115702
llama,1b,4e-06,0.04,400,1366.1,41.21160409556314,28.28282828282828,15.693707354056102,67.11810396335392,75.40805223068553,42.63093038577607,49.77409938961954,62.66666666666666,69.48529411764706,0.6408333598138046,587.8500948902501,0.5044141259309284,0.4837911273066203,0.4969148537039071,0.4941026266187743
llama,1b,4e-06,0.04,600,2049.2,41.21160409556314,29.29292929292929,15.390447308567095,67.31726747659829,75.46245919477693,42.75148754394596,51.39274901705253,61.46666666666667,69.6969696969697,0.8117858954807768,627.4548951022025,0.5384594736403923,0.52816538347835,0.5347161681269224,0.5333124285593711
llama,1b,4e-06,0.04,800,2732.2,41.29692832764505,28.78787878787879,14.404852160727824,67.36705835490937,74.9727965179543,42.64242407300686,52.647974042208,59.46666666666667,74.63235294117648,0.8770280844929116,621.5706141541368,0.245374002869403,0.6909943098973381,0.4074177508795613,0.4681841563833706
llama,1b,4e-06,0.04,1000,3415.3,41.21160409556314,28.28282828282828,15.011372251705838,67.38697470623381,74.8639825897715,42.71968045284731,51.548890277796254,59.1,76.2589928057554,1.1043855599407653,618.9200983750128,0.100617548731148,0.5800072857800428,0.2749410894762006,0.3403124172555954
llama,1b,4e-06,0.04,1200,4098.3,40.95563139931741,26.262626262626267,15.5420773313116,67.31726747659829,75.1360174102285,42.64621729485463,53.070131695013664,59.133333333333326,72.90076335877863,1.0298289449884594,627.2631072440707,0.2996929129257833,0.6344392899054587,0.4214188681911198,0.467066101415621
llama,1b,4e-06,0.04,1400,4781.4,40.78498293515359,27.77777777777778,14.101592115238818,67.34714200358495,75.24483133841132,42.79602573227681,52.11217347748418,58.3,72.22222222222221,0.9237644289786608,632.1339044726599,0.2042277094837357,0.5691720794134656,0.3369347530945466,0.3866998944486006
llama,1b,4e-06,0.04,1600,5464.5,41.21160409556314,26.767676767676768,14.859742228961334,67.27743477394941,75.0272034820457,42.80496954075503,53.38861997278333,58.2,67.02127659574468,0.8590936170613538,601.5732851903092,0.0880275734069007,-0.184964988688191,-0.0112424491731326,-0.0484687076406451
llama,1b,4e-06,0.04,1800,6147.5,41.04095563139932,26.767676767676768,14.783927217589085,67.4765982871938,74.8639825897715,42.750267956678336,52.13965611244831,58.53333333333333,70.28985507246377,0.849485203957176,605.4336289312301,0.0472049777902118,0.195367562011206,0.1010822811433006,0.1212862699007089
llama,1b,4e-06,0.04,2000,6830.6,41.382252559726965,27.27272727272727,15.08718726307809,67.41684923322047,75.35364526659413,42.669215016893865,53.10010771419833,59.1,74.26470588235294,1.2044075065056137,637.4528795020319,0.3687376360689074,0.8277015244925681,0.5356335954956932,0.5982195802807377
llama,1b,4e-06,0.04,2031,6936.4,40.95563139931741,26.767676767676768,13.949962092494314,67.38697470623381,75.1904243743199,42.70756288785869,54.05806593172782,56.9,72.53521126760563,1.3017110066700233,637.6719228320101,0.2226970814573132,0.6241617974550597,0.3686842509110392,0.4234294394561865
llama,3b,1e-06,0.01,200,1423.3,53.66894197952219,25.75757575757576,45.86808188021228,76.95678151762597,77.42110990206747,40.922589990052366,72.70387017557857,51.766666666666666,65.3061224489796,0.6567845802051113,653.0728681265806,-0.1954996036672462,-0.8532504872636343,-0.4346817431568419,-0.5243750454654403
llama,3b,1e-06,0.01,400,2846.7,54.01023890784983,26.767676767676768,47.536012130401815,77.40489942242581,77.25788900979326,41.42206406804574,71.2887915176177,60.83333333333333,68.4931506849315,0.4080699200958093,674.6149533873156,-0.1669540528474153,-1.3074167291582153,-0.58166775332407,-0.7371853910028153
llama,3b,1e-06,0.01,600,4270.0,53.839590443686006,25.252525252525253,47.15693707354056,77.62397928699463,77.20348204570186,41.60328914789759,72.72885942632216,59.03333333333333,73.44827586206897,0.7838476732580318,735.0815959295053,-0.5904077412308677,-1.2185033688334537,-0.8188061512681716,-0.9044555550321608
llama,3b,1e-06,0.01,800,5693.3,54.26621160409556,24.24242424242424,46.929492039423806,77.71360286795459,77.20348204570186,41.76509753248515,73.25341205778444,62.5,80.0,1.1998543972956297,729.1335376438146,-0.6501111210891336,-1.0816159152699492,-0.807021955336703,-0.8658635181795413
llama,3b,1e-06,0.01,1000,7116.7,54.35153583617748,26.767676767676768,47.460197119029566,77.76339374626569,77.25788900979326,41.78202834781486,71.49613026768974,60.0,73.02158273381295,0.7542356593052395,734.3207359415012,-0.4132280292011017,-1.4135353124225956,-0.7769761321907359,-0.9133816708118486
llama,3b,1e-06,0.01,1200,8540.0,54.522184300341294,24.747474747474747,46.85367702805156,77.78331009759012,76.87704026115343,41.82048692988327,72.65267268625027,64.1,79.43262411347519,0.7996798825056096,772.1754206456743,-0.8612464843135583,-0.9254916565302892,-0.8846083651196422,-0.8933690704219238
llama,3b,1e-06,0.01,1400,9963.3,54.18088737201365,26.262626262626267,47.38438210765732,77.81318462457678,76.98585418933624,41.87885291132323,73.2921426260101,62.2,79.92700729927007,0.9654331463600202,746.0976105402533,-0.5629783628377892,-1.0845736779099502,-0.7526493865003931,-0.8237760203738698
llama,3b,1e-06,0.01,1600,11386.7,54.09556313993175,24.747474747474747,47.23275208491281,77.88289185421232,77.04026115342764,41.77890058493485,72.24674973514719,61.63333333333333,77.43055555555556,1.3922106757880144,740.7902931455078,-0.8402211747242765,-1.135552073632858,-0.9476142288728516,-0.9878866241785672
llama,3b,1e-06,0.01,1800,12810.0,54.18088737201365,26.262626262626267,47.38438210765732,77.80322644891456,77.09466811751903,41.8448121298545,72.44034716773714,62.56666666666666,78.27586206896552,0.7994114453140853,762.9122197928073,-0.5723422661556702,-1.0509818522397667,-0.7463930247317052,-0.8116620591977184
llama,3b,1e-06,0.01,2000,14233.3,54.26621160409556,24.24242424242424,47.08112206216831,77.69368651663015,77.25788900979326,41.78132186463597,70.88663634711455,62.13333333333333,83.33333333333334,1.177653499406908,737.5042528371725,-0.7871756373884214,-0.8722161507701469,-0.8180994604363216,-0.8296958940792842
llama,3b,1e-06,0.01,2031,14453.9,54.26621160409556,24.24242424242424,46.929492039423806,77.78331009759012,76.98585418933624,41.78437167131655,72.50528597454753,61.23333333333333,79.43262411347519,1.1473470731916895,771.8440547053442,-0.8549810015621456,-0.9502503411567192,-0.8896243977783542,-0.9026156713594324
llama,3b,1e-06,0.02,200,1424.1,53.58361774744027,25.75757575757576,46.01971190295679,76.91694881497709,77.20348204570186,40.97097278915302,73.5119482971848,53.66666666666666,61.920529801324506,0.2704826987381926,651.477534522535,-0.3275529981457237,-0.961476366347518,-0.5580705865827399,-0.6445146822466209
llama,3b,1e-06,0.02,400,2848.3,54.09556313993175,25.252525252525253,46.55041698256255,77.32523401712807,77.09466811751903,41.36865168910444,71.0927007008072,59.66666666666666,69.50354609929079,0.4765389483578556,694.0470437559068,-0.6712698402706884,-1.2604254948967597,-0.8855082601347142,-0.965847667583724
llama,3b,1e-06,0.02,600,4272.4,54.522184300341294,27.27272727272727,46.474601971190296,77.47460665206134,77.04026115342764,41.57397934533583,73.41454008696924,58.633333333333326,75.35211267605634,0.4708723592793593,718.4770327655449,-0.5381858060386117,-1.2450954953920217,-0.7952438748943972,-0.8916406507153165
llama,3b,1e-06,0.02,800,5696.6,54.09556313993175,25.75757575757576,46.6262319939348,77.62397928699463,77.36670293797606,41.78745237870755,71.87955735226976,59.6,78.16901408450704,0.839185597743114,734.8445281580711,-0.5971890168452959,-1.359443914954744,-0.8743726161578226,-0.97831646590002
llama,3b,1e-06,0.02,1000,7120.7,54.18088737201365,25.252525252525253,46.929492039423806,77.65385381398127,77.31229597388466,41.7745527039478,72.32044309099855,58.73333333333333,74.46808510638297,1.0334733145664634,737.4536055846081,-0.6202933414628022,-1.3444022268842248,-0.8836056634342285,-0.9823477841735136
llama,3b,1e-06,0.02,1200,8544.9,54.60750853242321,26.262626262626267,46.70204700530705,77.823142800239,77.14907508161045,41.80866202718211,72.89248083972748,58.56666666666666,79.3103448275862,0.674960646692986,727.9582627805813,-0.5059375461434878,-1.3307109207509835,-0.8058551369098499,-0.9183242334472356
llama,3b,1e-06,0.02,1400,9969.0,54.35153583617748,24.747474747474747,46.929492039423806,77.73351921927902,76.87704026115343,41.82198848111816,72.29046707181391,61.69999999999999,78.125,0.6335550943165874,723.4551051750323,-0.9168400967399885,-1.3591587928686923,-1.0776832589686078,-1.1379994448043405
llama,3b,1e-06,0.02,1600,11393.2,53.92491467576792,26.767676767676768,47.30856709628507,77.65385381398127,77.09466811751903,41.77819878423347,72.96240641497891,62.16666666666666,76.92307692307693,0.9039318609053724,735.5934799678796,-0.5349267674108559,-1.2251301133660608,-0.7859098023036576,-0.8800284403884584
llama,3b,1e-06,0.02,1800,12817.3,53.92491467576792,26.262626262626267,46.70204700530705,77.66381198964349,77.09466811751903,41.80148618984994,71.95574409234166,61.13333333333333,78.125,0.8276538909450737,757.192358043021,-0.7736610897852833,-1.1359387667906755,-0.9053984268781532,-0.9547999282879795
llama,3b,1e-06,0.02,2000,14241.5,54.35153583617748,26.262626262626267,46.55041698256255,77.73351921927902,76.93144722524482,41.85563791811362,70.93284706800179,60.16666666666666,74.64788732394366,1.1509848611360012,732.9618346914367,-0.7385705022789434,-1.5071148391671707,-1.0180411702382988,-1.122842670723057
llama,3b,1e-06,0.02,2031,14462.2,54.09556313993175,24.747474747474747,47.23275208491281,77.7733519219279,77.09466811751903,41.84959799688336,71.21886594236626,60.2,76.24113475177306,0.8964405536046741,765.9248110596734,-0.8110235289377632,-1.277408158680985,-0.98061793975348,-1.044215843809374
llama,3b,1e-06,0.04,200,1424.4,53.412969283276446,24.747474747474747,45.79226686884003,76.96673969328819,77.47551686615887,41.01712040803695,72.7388329632043,55.266666666666666,57.615894039735096,0.4896270690637102,648.1425548897384,-0.3856365108949375,-0.9802812310174808,-0.6018709545758623,-0.6829588709562091
llama,3b,1e-06,0.04,400,2848.8,54.01023890784983,24.24242424242424,47.005307050796056,77.35510854411471,76.82263329706203,41.41580273465839,70.57064145356543,60.66666666666666,71.98581560283688,0.4105787655074604,671.2538703363655,-1.0122229952353918,-1.2095520732383187,-1.0839790236000924,-1.1108875342368552
llama,3b,1e-06,0.04,600,4273.2,53.92491467576792,25.75757575757576,47.61182714177407,77.40489942242581,77.20348204570186,41.61061056715943,71.7134425546439,58.53333333333333,71.32867132867133,0.6265577488121904,691.9678877905025,-0.5571899745709994,-1.4902808421139482,-0.8964957445866172,-1.023735408342474
llama,3b,1e-06,0.04,800,5697.6,54.01023890784983,25.75757575757576,47.15693707354056,77.60406293567019,77.14907508161045,41.65656227878344,70.09479292721092,60.93333333333333,77.77777777777779,0.8943016097573102,738.0467653718337,-0.763975338276533,-1.3170229773947544,-0.9650835706831588,-1.0404991578356435
llama,3b,1e-06,0.04,1000,7122.0,54.18088737201365,26.262626262626267,47.08112206216831,77.5542720573591,77.25788900979326,41.72181173385192,71.90703998723387,62.56666666666666,78.01418439716312,0.7165276488134761,709.4867461213778,-0.5729323012773477,-1.1474500149940017,-0.7818478335379492,-0.8601911581356746
llama,3b,1e-06,0.04,1200,8546.4,54.18088737201365,25.252525252525253,47.83927217589083,77.64389563831907,77.20348204570186,41.738774892240905,71.57231700776163,60.93333333333332,76.64233576642336,0.7892154251606411,717.0805719965629,-0.6160088028131864,-1.494836979643205,-0.9355826852968296,-1.0554228912281958
llama,3b,1e-06,0.04,1400,9970.8,54.26621160409556,26.767676767676768,47.005307050796056,77.62397928699463,77.09466811751903,41.70863467164962,71.99696804478782,60.1,77.30496453900709,0.4185881440136343,731.9507792735467,-0.6407668969292732,-1.4858125121131636,-0.948056211541597,-1.0632897045212184
llama,3b,1e-06,0.04,1600,11395.3,54.09556313993175,25.252525252525253,48.21834723275209,77.61402111133239,77.14907508161045,41.71703834775366,71.48238895020768,60.1,78.01418439716312,0.7674202532546135,711.5665930054306,-0.6511241678912523,-1.3580344341310444,-0.9081824465239038,-1.0045793010111483
llama,3b,1e-06,0.04,1800,12819.7,54.09556313993175,26.262626262626267,47.08112206216831,77.60406293567019,76.93144722524482,41.76197421152765,72.45907525366029,60.73333333333333,69.8581560283688,0.8835705498536572,732.8774738708355,-0.7533625348305423,-1.618023074008002,-1.0677845490768911,-1.185692804419272
llama,3b,1e-06,0.04,2000,14244.1,54.18088737201365,24.747474747474747,48.14253222137984,77.61402111133239,76.98585418933624,41.782468479100245,72.82128086809665,60.53333333333333,78.47222222222221,0.7033262819025909,742.842443854088,-0.5546122475211425,-1.2809910198216057,-0.818749982903129,-0.917801633671374
llama,3b,1e-06,0.04,2031,14464.9,54.35153583617748,26.262626262626267,48.29416224412434,77.58414658434575,77.04026115342764,41.76128777820966,70.56565468512436,59.33333333333333,77.6595744680851,0.5037707555921128,711.9417719102806,-0.5520698340549861,-1.4732468881772287,-0.8870433082812561,-1.0126583611161073
llama,3b,2e-06,0.01,200,1421.2,53.92491467576792,26.767676767676768,47.83927217589083,77.64389563831907,77.09466811751903,41.497804056207485,72.42909923447563,60.23333333333333,70.0,0.6067800998746146,722.1064059195885,0.2419995857645145,-0.2886688545766882,0.0490292438222589,-0.0233346344060868
llama,3b,2e-06,0.01,400,2842.4,55.11945392491467,25.252525252525253,48.21834723275209,78.50029874526987,77.09466811751903,43.35759304295122,67.49319583150485,74.69999999999999,86.07142857142858,3.581083449268037,855.8686358184392,-0.1035421744078547,0.7248805730765001,0.1977024610410016,0.3106691993343227
llama,3b,2e-06,0.01,600,4263.6,55.88737201365189,24.24242424242424,48.21834723275209,78.73929496116313,77.14907508161045,43.92916090954671,65.99943704925154,73.36666666666666,87.13235294117648,4.375589802477466,875.3772437287846,-0.1944759260946129,0.8471487290652184,0.1842966757816893,0.3263364014853027
llama,3b,2e-06,0.01,800,5684.8,55.88737201365189,26.262626262626267,47.83927217589083,78.80900219079865,77.04026115342764,44.08647340808285,66.5214962964933,75.6,87.14285714285714,4.639382516819706,889.4368850430652,-0.1119646176667534,1.031729651810526,0.3039242075977117,0.4598825170718862
llama,3b,2e-06,0.01,1000,7106.0,55.88737201365189,26.262626262626267,48.52160727824109,78.97829117705636,76.76822633297063,44.14597846001119,65.75962889577433,75.36666666666667,85.35714285714285,4.809718662939668,897.0431483787497,-0.3095487643936473,0.8781976719508328,0.122359030640709,0.2843244537785927
llama,3b,2e-06,0.01,1200,8527.2,55.71672354948806,25.75757575757576,48.29416224412434,78.87870942043418,76.82263329706203,44.04403765171161,64.64929719810104,75.86666666666666,86.20689655172413,4.434288002291858,926.454040738994,-0.2836239824558217,1.146786293699889,0.2365252088735276,0.4315811556220336
llama,3b,2e-06,0.01,1400,9948.4,56.31399317406144,25.252525252525253,48.369977255496586,78.90858394742082,76.87704026115343,44.110102969855454,65.30250845534293,76.4,85.29411764705883,4.526679386797965,899.4501997394609,-0.2304394663098334,0.8865735845423883,0.175747097636429,0.3280670591162774
llama,3b,2e-06,0.01,1600,11369.6,55.80204778156996,25.75757575757576,47.536012130401815,78.91854212308304,77.36670293797606,44.13798253056908,66.29293607627761,77.0,88.48920863309353,5.120069158372316,895.004066811444,-0.163330838933436,1.1901975575790422,0.3288613052529197,0.5134333593228031
llama,3b,2e-06,0.01,1800,12790.7,55.972696245733786,25.252525252525253,48.824867323730096,78.86875124477196,77.04026115342764,44.07892727514439,65.59351409814846,75.76666666666667,84.85915492957746,5.013576881539236,887.5377792558186,-0.2209274048266939,0.8301484733104088,0.1612820054049797,0.3046105342418574
llama,3b,2e-06,0.01,2000,14211.9,56.058020477815695,24.747474747474747,48.59742228961335,78.96833300139414,76.98585418933624,43.99521648474355,65.13639365771708,76.23333333333332,89.85507246376811,4.67075759962742,880.9530603517305,-0.1954607189162744,1.1982091366531364,0.3113283194726022,0.501374208868431
llama,3b,2e-06,0.01,2031,14432.2,56.058020477815695,25.252525252525253,48.9764973464746,78.89862577175862,77.20348204570186,44.05194157707269,66.04814115435931,76.73333333333333,85.97122302158273,4.703660812281082,907.1099605781408,-0.0354195902697096,1.0898261358838144,0.3737606737861172,0.5272032728070524
llama,3b,2e-06,0.02,200,1421.7,54.18088737201365,24.747474747474747,46.6262319939348,77.53435570603465,77.20348204570186,41.5309883413978,71.4686476327256,60.96666666666666,70.50359712230215,0.4190205103803351,715.6892266554561,-0.2603025621328484,-0.3072547979886566,-0.2773761024440513,-0.2837786800607526
llama,3b,2e-06,0.02,400,2843.5,55.11945392491467,26.262626262626267,48.29416224412434,78.28121888070105,77.09466811751903,43.01386800078031,69.07438928709158,69.66666666666666,85.61151079136691,2.5708592877865364,817.7392030372122,0.0755017458969725,0.2733479860043514,0.1474458332087466,0.1744248659506619
llama,3b,2e-06,0.02,600,4265.2,55.54607508532423,25.75757575757576,48.59742228961335,78.42063333997211,76.93144722524482,43.73307525813754,68.77712247946559,72.69999999999999,83.33333333333334,3.599835288805517,898.3597175078021,-0.1147672541946223,0.6237404054430336,0.1537809856736161,0.2544865756242055
llama,3b,2e-06,0.02,800,5686.9,55.972696245733786,22.727272727272727,49.05231235784686,78.58992232622984,77.14907508161045,43.95739213852615,67.89036423356694,73.83333333333333,81.72413793103448,3.2604624645364955,886.5862343178762,-0.1923175017644365,0.3587266046188603,0.008062173284035,0.0832045514272118
llama,3b,2e-06,0.02,1000,7108.7,56.058020477815695,24.24242424242424,49.35557240333586,78.64967138020315,77.20348204570186,43.89169832260458,68.52983417332676,73.36666666666666,87.41258741258741,3.760270330122672,876.9239038708841,0.0052920392509181,0.6994440148339025,0.2577109394629124,0.3523680270424103
llama,3b,2e-06,0.02,1200,8530.4,55.71672354948806,25.252525252525253,48.74905231235785,78.65962955586537,77.14907508161045,44.02229490658595,68.48611683666006,71.5,83.09352517985612,3.84142939986985,879.7892520417711,0.0344593554990486,0.4547228625889237,0.187282448986276,0.2445911090439862
llama,3b,2e-06,0.02,1400,9952.1,56.22866894197952,24.747474747474747,48.44579226686884,78.6297550288787,77.20348204570186,44.05281429585082,67.58561727327934,74.46666666666667,84.35374149659864,4.640743477461351,854.1725212179517,-0.0428985916331847,0.5936002377403654,0.1885555281390153,0.2753508230535903
llama,3b,2e-06,0.02,1600,11373.8,55.88737201365189,24.747474747474747,49.20394238059136,78.60983867755427,76.93144722524482,43.99203127298252,68.24132191474177,72.39999999999999,85.5072463768116,3.0089230659252872,872.8573653634134,-0.1768752121413293,0.4628706920144947,0.055759662097152,0.1429977399365826
llama,3b,2e-06,0.02,1800,12795.6,56.058020477815695,24.24242424242424,48.90068233510235,78.53017327225652,77.36670293797606,43.994120171605495,68.86455715279902,74.39999999999999,89.47368421052632,4.467964383037632,866.3840655298842,-0.0391922738747263,0.832892662030045,0.277929520999736,0.3968501940776593
llama,3b,2e-06,0.02,2000,14217.3,55.972696245733786,25.75757575757576,48.824867323730096,78.60983867755427,77.31229597388466,44.02636461701921,67.68053209927436,72.26666666666667,84.61538461538461,4.006850464082455,865.8324350679544,0.2123660353241134,0.5568540573434981,0.337634406967526,0.3846100463338058
llama,3b,2e-06,0.02,2031,14437.7,55.88737201365189,24.747474747474747,49.58301743745261,78.56004779924318,77.09466811751903,44.03900445218048,67.13974476610949,72.63333333333333,86.07142857142858,3.42817377319691,856.4758395191399,-0.0520955156133603,0.5854282444661689,0.1797313062337412,0.2666663644264043
llama,3b,2e-06,0.04,200,1422.0,54.01023890784983,24.24242424242424,46.24715693707354,77.52439753037244,76.98585418933624,41.53055744200407,71.18013537414062,57.266666666666666,70.94594594594594,0.452618496552577,722.1118916923384,-0.6548624919753581,-0.3953456958940633,-0.5604927479457964,-0.5251040939347107
llama,3b,2e-06,0.04,400,2844.1,54.69283276450512,23.737373737373737,48.824867323730096,77.89285002987452,77.25788900979326,42.682744430835896,69.28920818982522,66.6,82.14285714285714,1.240023550936435,804.2442495027582,-0.0871795651515018,-0.1678597334993343,-0.1165178081870772,-0.1275196493254181
llama,3b,2e-06,0.04,600,4266.1,55.11945392491467,24.24242424242424,48.9764973464746,78.31109340768772,77.09466811751903,43.29796562324819,70.42951590668316,68.06666666666666,84.35374149659864,1.8502008623303807,822.7737095482513,-0.0920237000477932,0.0187888105817711,-0.0517282416370425,-0.036617444733011
llama,3b,2e-06,0.04,800,5688.1,55.37542662116041,24.747474747474747,49.50720242608037,78.22146982672774,76.98585418933624,43.495681831560645,69.85498477373369,71.16666666666666,85.46099290780141,2.2631373251409603,823.1204611704732,-0.0760567765127104,0.1587393896835074,0.0093236475586415,0.0413413065853985
llama,3b,2e-06,0.04,1000,7110.2,55.46075085324232,23.737373737373737,48.824867323730096,78.34096793467437,77.04026115342764,43.65574693351112,69.98863016795435,71.7,85.66433566433567,2.77244242661871,800.4454749044335,-0.2974182842777814,0.1655850183277409,-0.1290534469666824,-0.0659166329750202
llama,3b,2e-06,0.04,1200,8532.2,55.46075085324232,25.252525252525253,48.6732373009856,78.27126070503884,77.04026115342764,43.61611063382895,70.34208123334975,68.46666666666667,84.15492957746478,1.9930669045979368,845.9985950189778,-0.0981351600137437,0.0783100908924129,-0.0339732505933231,-0.0099125345606654
llama,3b,2e-06,0.04,1400,9954.2,55.11945392491467,25.75757575757576,49.05231235784686,78.24138617805218,76.98585418933624,43.62994444879267,69.80877405284646,70.56666666666666,85.61151079136691,2.7308693146096585,862.908385655568,-0.1032402463342059,0.314214200457154,0.048561370680834,0.105486977061474
llama,3b,2e-06,0.04,1600,11376.2,55.46075085324232,26.262626262626267,48.9764973464746,78.23142800238996,77.04026115342764,43.65862856953071,69.79503273536439,70.53333333333333,88.46153846153845,3.036628803839513,811.8644354285433,-0.0157131566523811,0.332016609721164,0.1107340311198171,0.1581517265343914
llama,3b,2e-06,0.04,1800,12798.3,55.631399317406135,25.252525252525253,49.27975739196361,78.29117705636327,77.04026115342764,43.65741510663791,70.05107559054422,71.16666666666666,84.64285714285714,1.9634788069379303,829.705790665014,-0.0772263563244268,0.0081798670313841,-0.0461695478314046,-0.0345232446465213
llama,3b,2e-06,0.04,2000,14220.3,55.71672354948806,24.747474747474747,48.44579226686884,78.3011352320255,77.04026115342764,43.60552896353295,70.89162311555562,67.7,85.61151079136691,2.318756758490602,821.8120738279791,-0.0507163145616252,0.0073102545450518,-0.029615743977379,-0.0217030300082866
llama,3b,2e-06,0.04,2031,14440.7,55.37542662116041,24.747474747474747,48.52160727824109,78.3608842859988,77.04026115342764,43.53080649771102,69.74882201447714,72.0,82.08955223880598,2.4131205688472304,858.2921627066862,-0.2331575830926254,0.1605860071278184,-0.0899780957397368,-0.0362857879824034
llama,3b,4e-06,0.01,200,1421.7,55.631399317406135,25.252525252525253,48.21834723275209,78.77912766381199,76.98585418933624,43.87935547980874,66.68511770989862,73.5,85.0,3.9580984305720297,949.859521245776,0.3931027923165937,1.813754728235107,0.909703496286962,1.1034287602758504
llama,3b,4e-06,0.01,400,2843.4,56.31399317406144,28.28282828282828,49.35557240333586,79.48615813582953,77.31229597388466,44.27624043312714,68.27129793392643,76.26666666666667,88.57142857142857,5.856930027924593,923.52582049251,1.1614060887567728,1.3396270082131911,1.226213695831834,1.250516548484982
llama,3b,4e-06,0.01,600,4265.1,56.8259385665529,27.77777777777778,49.12812736921911,79.49611631149173,77.58433079434167,44.51666151639883,68.28503925140849,75.46666666666667,85.66433566433567,5.246207837899767,897.947267243156,1.1544890825028222,1.049947061961181,1.1164738023058618,1.1022180722320016
llama,3b,4e-06,0.01,800,5686.8,56.74061433447098,27.27272727272727,48.6732373009856,79.53594901414061,77.74755168661589,44.36845325594769,66.56521363316001,77.43333333333332,85.46099290780141,6.199673715681268,901.361183033944,0.7440913190467852,1.2382226963400087,0.923775456244321,0.9911570076933968
llama,3b,4e-06,0.01,1000,7108.5,57.08191126279864,27.77777777777778,48.90068233510235,79.61561441943836,77.52992383025027,44.47259102587367,68.43741273155229,73.89999999999999,82.97101449275362,5.759733291535343,899.2589394842964,0.9071515187383392,0.8311457863943723,0.8795130706132602,0.8691486525663557
llama,3b,4e-06,0.01,1200,8530.2,57.25255972696246,26.767676767676768,49.35557240333586,79.54590718980283,77.52992383025027,44.36116922852851,66.39909883553416,74.93333333333334,83.21167883211679,6.599299991963455,912.7620162578326,0.8570178205380997,1.0644500855097312,0.9324477350732384,0.9607339530239154
llama,3b,4e-06,0.01,1400,9951.9,56.91126279863481,28.78787878787879,49.50720242608037,79.53594901414061,77.47551686615887,44.26454315214233,67.41950247565349,73.93333333333334,87.59124087591242,5.869963724375988,930.3712992725336,1.0095408405225574,1.2268334996361392,1.088556352927496,1.1181871700793482
llama,3b,4e-06,0.01,1600,11373.6,56.996587030716725,27.77777777777778,49.58301743745261,79.67536347341168,77.63873775843308,44.259321057447806,67.8279188109771,73.1,84.39716312056737,5.97428857655734,896.075104901428,1.0407038328258542,0.9158134011406532,0.9952891303948722,0.9782586169832538
llama,3b,4e-06,0.01,1800,12795.4,57.08191126279864,27.27272727272727,49.27975739196361,79.61561441943836,77.9107725788901,44.258097933830186,67.7592122235668,75.36666666666667,83.45070422535211,5.752464566918873,938.6217260113096,0.9282976425590465,1.040525786177434,0.9691078766020964,0.9844117143682402
llama,3b,4e-06,0.01,2000,14217.1,57.16723549488054,27.27272727272727,48.74905231235785,79.75502887870942,77.74755168661589,44.286473043660905,67.10976874692483,75.16666666666666,83.92857142857143,5.750401753299092,877.0697161917396,0.9641551290290448,0.9289076256754406,0.9513378550822796,0.9465313773522428
llama,3b,4e-06,0.01,2031,14437.4,57.25255972696246,28.28282828282828,49.27975739196361,79.60565624377614,77.9107725788901,44.27093992540606,67.99902037704402,73.93333333333332,84.05797101449275,7.152872015615931,879.6258478598817,1.1322109419623951,1.006666806842798,1.0865585291916324,1.0694388744025964
llama,3b,4e-06,0.02,200,1422.2,55.37542662116041,24.747474747474747,48.29416224412434,78.42063333997211,77.31229597388466,43.41538442787937,68.87580508606055,72.63333333333333,85.5072463768116,2.5693792188122906,865.0395110690018,0.5531390162013892,1.2912073645034867,0.8215275064930609,0.922173190352438
llama,3b,4e-06,0.02,400,2844.4,56.39931740614335,26.262626262626267,47.91508718726308,79.18741286596295,77.14907508161045,44.32966866090573,67.13099021706849,73.49999999999999,84.53237410071942,5.287093211937279,904.9106665245166,0.4126775887241649,0.9729038252488332,0.6163962201876806,0.692790706986499
llama,3b,4e-06,0.02,600,4266.6,56.22866894197952,27.77777777777778,48.44579226686884,79.13762198765187,77.31229597388466,44.62290096276554,68.37995407740351,74.29999999999998,86.36363636363636,5.022253513190402,888.4913278516397,0.6782726937315315,0.9773911381115212,0.787043037142437,0.8278319159215264
llama,3b,4e-06,0.02,800,5688.9,57.08191126279864,27.27272727272727,48.52160727824109,79.17745469030073,77.9107725788901,44.74326706515933,68.91824802634787,74.66666666666666,86.17021276595744,4.703678330171802,867.0658869876904,0.9611836220202116,0.8487423512450255,0.9202958871928714,0.9049629866326184
llama,3b,4e-06,0.02,1000,7111.1,57.25255972696246,26.767676767676768,48.824867323730096,79.27703644692292,77.58433079434167,44.808404976329165,69.10685869049678,73.46666666666667,84.55882352941177,5.788307922830407,918.2690560231551,0.8568980271954656,0.9599478988172316,0.8943707077851989,0.9084229630063486
llama,3b,4e-06,0.02,1200,8533.3,57.16723549488054,28.28282828282828,46.85367702805156,79.3168691495718,77.80195865070729,44.68460511829913,69.97738223469284,75.33333333333333,81.71641791044776,4.910137000222066,882.3538100673883,0.9771555734703388,0.6320169607527988,0.8516506233912334,0.8045862671115688
llama,3b,4e-06,0.02,1400,9955.5,56.8259385665529,27.77777777777778,48.14253222137984,79.2670782712607,77.6931447225245,44.69101755085541,68.95947197879404,72.96666666666667,83.57664233576642,5.593563724602239,885.8685088549521,0.8558564075543688,0.699380284579731,0.7989559991999552,0.7776183460670498
llama,3b,4e-06,0.02,1600,11377.7,57.08191126279864,27.27272727272727,47.76345716451858,79.3168691495718,77.80195865070729,44.67960612946436,69.04690665212748,74.16666666666666,78.16901408450704,5.369089162908254,879.4971906326889,0.796884572385558,0.4773985660196645,0.6807078427979604,0.6371415692026112
llama,3b,4e-06,0.02,1800,12799.9,56.996587030716725,28.28282828282828,47.76345716451858,79.30691097390958,77.6931447225245,44.60792723861101,70.63308687615528,74.33333333333333,83.69565217391305,4.573777243583213,881.5656033866117,0.8650599680253926,0.6364812144892549,0.781940421284979,0.7507705912573237
llama,3b,4e-06,0.02,2000,14222.2,56.996587030716725,27.27272727272727,47.38438210765732,79.38657637920733,77.74755168661589,44.6565512575292,69.29419495826629,73.89999999999999,84.55882352941177,5.026635238651778,878.3384221535977,0.8056484987330911,0.8173875656610226,0.809917250343248,0.8115180321970568
llama,3b,4e-06,0.02,2031,14442.6,56.655290102389074,27.27272727272727,47.76345716451858,79.2670782712607,77.80195865070729,44.72555241751628,69.85249138951316,75.03333333333333,83.69565217391305,5.986115074044516,872.8684861922754,0.7582219326481278,0.8621646533872538,0.7960192856441736,0.8101932930176907
llama,3b,4e-06,0.04,200,1421.6,54.94880546075085,25.75757575757576,48.369977255496586,78.10197171878112,77.20348204570186,42.929850669965184,71.54483437279751,66.9,84.64285714285714,1.502048866787108,796.5413723877525,0.635612772533617,0.6813153403494445,0.6522318881030089,0.6584640564415307
llama,3b,4e-06,0.04,400,2843.2,56.058020477815695,23.737373737373737,47.23275208491281,78.69946225851425,77.31229597388466,44.01143777087237,71.06898584644298,71.63333333333333,87.76978417266187,3.822521278594431,837.5899179449225,0.3915832045349634,0.6344946382497599,0.4799146349767076,0.5130389213923616
llama,3b,4e-06,0.04,600,4264.9,56.31399317406144,23.737373737373737,48.29416224412434,78.85879306910974,77.31229597388466,44.593212992469496,69.06563473805059,72.4,82.3943661971831,3.9459382018570426,841.9051683023974,0.254288625943204,0.436863561176702,0.3206795114826579,0.345576093559953
llama,3b,4e-06,0.04,800,5686.5,56.56996587030717,26.767676767676768,48.06671721000758,78.86875124477196,77.58433079434167,44.6638157939703,71.01152719229424,70.66666666666666,81.33802816901408,3.8504325099987,841.8817094998437,0.6863394310878569,0.1219221139215169,0.4810967703000969,0.4041307725046869
llama,3b,4e-06,0.04,1000,7108.1,56.655290102389074,27.27272727272727,47.536012130401815,79.00816570404302,77.31229597388466,44.72314667674784,69.84124345625162,73.43333333333332,84.89208633093526,3.168635952389728,838.1771262177926,0.4440791354280489,0.3710671639767433,0.4175293276275741,0.4075731497023961
llama,3b,4e-06,0.04,1200,8529.7,56.655290102389074,25.75757575757576,48.06671721000758,78.97829117705636,77.31229597388466,44.63510656424078,71.2975460666587,70.9,83.57664233576642,3.633281842691008,858.4881141269955,0.496319226232296,0.3747532634807132,0.4521134215953568,0.4355362448565046
llama,3b,4e-06,0.04,1400,9951.3,56.655290102389074,27.77777777777778,47.83927217589083,78.89862577175862,77.31229597388466,44.7602165958505,71.19138330740213,71.96666666666665,83.57142857142857,3.103817028230432,845.7462225037273,0.6317664127073904,0.2089431759360342,0.4780125084268972,0.4203547943217123
llama,3b,4e-06,0.04,1600,11373.0,56.22866894197952,26.262626262626267,48.21834723275209,78.9384584744075,77.36670293797606,44.772641367738245,72.1980456300394,70.03333333333333,84.78260869565217,3.525719034719077,858.6939861241851,0.5446029125421822,0.3404197946549533,0.4703545060377353,0.4425113535985677
llama,3b,4e-06,0.04,1800,12794.6,56.484641638225256,27.77777777777778,47.76345716451858,79.09778928500299,77.36670293797606,44.6959387784199,71.88831190131074,71.46666666666665,85.76642335766424,4.337648968318904,849.0328312337484,0.6433543152129355,0.4567156899999065,0.5754857242263797,0.550035002606421
llama,3b,4e-06,0.04,2000,14216.2,56.74061433447098,24.747474747474747,47.30856709628507,79.00816570404302,77.58433079434167,44.85255189952444,69.91244342788247,70.76666666666665,82.2463768115942,3.408922542751643,838.3188700281019,0.3443657575801901,0.1516533698807745,0.2742885256894936,0.2480095637304823
llama,3b,4e-06,0.04,2031,14436.5,56.655290102389074,26.262626262626267,48.59742228961335,79.00816570404302,77.47551686615887,44.70900097766612,70.67431082860145,70.3,79.22535211267606,3.966933922725093,842.4672947032238,0.6483141789201239,-0.0037664596929097,0.4111939466972025,0.322273859613607
llama,8b,1e-06,0.01,200,3730.0,54.69283276450512,24.747474747474747,76.64897649734648,77.57418840868353,76.16974972796517,49.4237485551409,81.40168087341587,69.06666666666666,80.20134228187919,33.44084832044831,1033.0817845335282,-0.3142474736118271,0.4369469736266953,-0.0410858564341825,0.0613497500074341
llama,8b,1e-06,0.01,400,7460.0,56.22866894197952,27.27272727272727,76.87642153146324,78.12188807010556,75.1904243743199,53.22217350473697,81.05072319224104,73.33333333333333,85.41666666666666,39.73241091970348,1074.040227513617,-0.3403509247100981,1.3586874646615614,0.2774812168795962,0.5091682699757316
llama,8b,1e-06,0.01,600,11190.0,55.54607508532423,29.29292929292929,74.67778620166793,78.14180442143,74.9183895538629,56.02435784453648,82.56321006041748,66.83333333333333,82.45033112582782,41.83289065768091,1026.079009747844,-0.3775452645351026,1.2067111059982472,0.1985479611133882,0.4145829207315722
llama,8b,1e-06,0.01,800,14920.1,56.14334470989761,28.28282828282828,76.80060652009098,78.33100975901215,75.35364526659413,56.77874031608388,82.86546363648452,47.4,77.89115646258503,36.38812151985562,960.5307723495564,-0.1242400169444978,0.6701389758685875,0.1646250713511695,0.2729494794620448
llama,8b,1e-06,0.01,1000,18650.1,56.8259385665529,27.27272727272727,75.9666413949962,78.45050786695877,74.9727965179543,57.41296801405361,81.2518007774926,38.03333333333333,76.05633802816901,36.283910750656894,869.8721716015604,-0.2882490678979169,0.3036378507761453,-0.0730174611073488,0.0076943914391142
llama,8b,1e-06,0.01,1200,22380.1,56.91126279863481,26.262626262626267,73.08567096285064,78.43059151563435,74.9727965179543,57.651083419070105,81.37170485423123,32.7,70.0,37.98839093713947,829.8712163447057,-0.5077869074318743,0.0546198005449799,-0.3032753772584727,-0.2265835534434471
llama,8b,1e-06,0.01,1400,26110.1,57.08191126279864,26.767676767676768,72.25170583775588,78.5700059749054,75.1904243743199,58.11686206836939,80.35379459833243,25.03333333333333,60.83916083916085,36.6538938599604,799.1687110556195,-0.4942329674994231,-0.2913291596524492,-0.420449764645978,-0.3927810635759362
llama,8b,1e-06,0.01,1600,29840.1,57.5938566552901,26.767676767676768,74.52615617892343,78.54013144791874,75.1904243743199,58.40837122109739,81.77136664051383,22.366666666666667,60.0,35.79039629983235,793.3065780793434,-0.2985307826949312,-0.0709621098002888,-0.2157785380059703,-0.18474644624761
llama,8b,1e-06,0.01,1800,33570.1,57.25255972696246,26.767676767676768,73.38893100833965,78.57996415056762,74.8639825897715,58.43820764143166,80.26137315655794,23.866666666666664,66.19718309859155,36.39200012991375,802.7000981861391,-0.3320391112378176,-0.2493486257904485,-0.3019698438024107,-0.2906938685141331
llama,8b,1e-06,0.01,2000,37300.2,57.5938566552901,25.75757575757576,73.1614859742229,78.6297550288787,75.1360174102285,58.5022934002486,81.66271049703676,23.666666666666664,62.58503401360544,34.52282567229726,771.5017828934872,-0.3483390722248445,-0.2782784520514864,-0.3228624830708961,-0.3133087621381655
llama,8b,1e-06,0.01,2031,37878.3,57.25255972696246,25.252525252525253,74.37452615617892,78.60983867755427,74.8639825897715,58.53764445294125,81.26554209497468,21.7,64.52702702702703,35.517804002458654,783.0521027162197,-0.3631911768111151,-0.2056112814935648,-0.3058893966956422,-0.28440122915234
llama,8b,1e-06,0.02,200,3740.2,54.69283276450512,23.232323232323232,75.8150113722517,77.56423023302132,76.22415669205658,48.83358167793481,81.49160893096983,71.03333333333333,78.81944444444444,29.941709478340016,1034.7904879013672,-0.4993285866882413,0.3126036627070302,-0.2040804959990517,-0.0933624619906055
llama,8b,1e-06,0.02,400,7480.3,55.631399317406135,26.262626262626267,77.48294162244125,77.88289185421232,75.29923830250273,52.195537799328186,80.85213899120998,69.73333333333333,80.13245033112582,32.63422294921504,1025.0042863554445,-0.6141994265080638,0.3760341278367851,-0.2541144976553914,-0.1190826493356393
llama,8b,1e-06,0.02,600,11220.5,55.54607508532423,28.78787878787879,78.31690674753601,78.01234813782115,75.35364526659413,54.13234088322518,83.4911922587623,66.8,78.76712328767124,32.24098296835003,1011.844709442278,-0.2015331527864714,0.5826469283424989,0.0836232403513359,0.1905568877780137
llama,8b,1e-06,0.02,800,14960.7,55.631399317406135,26.262626262626267,77.8620166793025,78.2513443537144,75.0816104461371,54.98360695428053,84.46289179377385,65.5,85.51724137931035,32.08077552836631,966.9823783034352,-0.4257362661233771,1.027795318842728,0.1028206738642974,0.3010295263596754
llama,8b,1e-06,0.02,1000,18700.8,56.058020477815695,25.252525252525253,76.80060652009098,78.40071698864767,75.73449401523395,54.99777856372561,83.16771721255158,64.36666666666666,79.3918918918919,31.05351975676468,967.3772018478634,-0.3719220594348383,1.0131445916101325,0.131738540945151,0.3206112660876471
llama,8b,1e-06,0.02,1200,22441.0,56.484641638225256,27.27272727272727,75.89082638362396,78.16172077275442,75.51686615886834,54.88290436048801,84.111934112599,64.1,81.87919463087249,28.04743399519825,963.843590677362,-0.3295331057193558,0.8320256352021891,0.0928518909793877,0.2512462647414166
llama,8b,1e-06,0.02,1400,26181.2,56.91126279863481,25.252525252525253,75.2084912812737,78.24138617805218,75.1360174102285,55.49488087664096,85.63566891403698,62.6,83.33333333333334,28.653052193144,984.7072139492352,-0.561663567454431,1.0477050923800406,0.023561399758104,0.2430207624628048
llama,8b,1e-06,0.02,1600,29921.3,56.56996587030717,26.262626262626267,76.49734647460197,78.29117705636327,75.46245919477693,55.71692499533742,84.67521731228696,64.93333333333334,83.6734693877551,30.339597002957724,973.5658197686338,-0.395726107651893,1.0547959738443335,0.1317364674376438,0.3295349330962203
llama,8b,1e-06,0.02,1800,33661.5,56.56996587030717,27.27272727272727,76.11827141774071,78.33100975901215,75.29923830250273,55.613849415195645,85.74432505751406,66.46666666666667,83.1081081081081,31.019908777641,963.7023080907333,-0.2120959836335699,0.9930744828944924,0.2261478223766345,0.3904892496304613
llama,8b,1e-06,0.02,2000,37401.7,56.91126279863481,28.28282828282828,75.73919636087946,78.29117705636327,75.24483133841132,55.57137794637145,85.37713267463663,61.33333333333333,82.5503355704698,28.262940668866044,927.7909965806032,-0.1844117891883847,0.8330505804705894,0.1855745270512422,0.3243193956411023
llama,8b,1e-06,0.02,2031,37981.4,56.74061433447098,27.27272727272727,75.8150113722517,78.23142800238996,75.24483133841132,55.536708450746,84.21809687185558,64.66666666666666,82.41379310344827,31.670830973611725,987.5652053150764,-0.3019888271987177,1.122559067447258,0.2160285890361825,0.4102851201242702
llama,8b,1e-06,0.04,200,3744.2,54.69283276450512,22.727272727272727,74.52615617892343,77.0762796255726,75.95212187159956,47.77880520151269,82.10359623576554,65.69999999999999,79.3918918918919,24.18259961823616,993.8573232942966,-0.7170570994873712,-0.7822969744038692,-0.7407806903660976,-0.7496770369456203
llama,8b,1e-06,0.04,400,7488.4,56.56996587030717,25.252525252525253,76.95223654283548,77.83310097590122,75.78890097932536,51.515550819876566,82.90918097315124,69.53333333333333,84.7972972972973,27.42562505751944,1032.5686199271754,-0.2067271435708184,0.325645894344959,-0.0131369479650811,0.0594593753870703
llama,8b,1e-06,0.04,600,11232.6,56.655290102389074,27.27272727272727,76.87642153146324,78.08205536745668,75.62568008705114,53.17470639665726,83.79344583482936,67.16666666666666,80.76923076923077,28.34373506163967,948.6201678180169,-0.1991235582510484,0.2583417961391966,-0.0327725202909593,0.029609118944074
llama,8b,1e-06,0.04,800,14976.8,56.484641638225256,24.747474747474747,76.26990144048523,78.14180442143,75.57127312295974,54.12511765831373,85.058644396867,62.06666666666666,82.3943661971831,24.20849330074148,958.3470036235464,-0.4903690391746037,0.5112226832325213,-0.1261538673901946,0.0104268220289587
llama,8b,1e-06,0.04,1000,18721.0,56.996587030716725,24.747474747474747,76.95223654283548,77.92272455686118,75.62568008705114,54.01262570642078,86.48746437230992,62.7,80.90277777777779,24.34412927106621,978.465043570119,-0.4031024669252713,0.7622482622923941,0.0206614346084252,0.1795728976835613
llama,8b,1e-06,0.04,1200,22465.2,56.996587030716725,26.262626262626267,76.72479150871872,77.99243178649672,75.78890097932536,53.60349876053691,85.31468725204678,62.66666666666666,83.21917808219177,24.038468596742607,1003.1752128137196,-0.3506293218363291,0.7932617352999694,0.0653310625768703,0.2213162067318201
llama,8b,1e-06,0.04,1400,26209.4,56.91126279863481,27.27272727272727,77.40712661106899,77.90280820553674,75.57127312295974,53.71842069272525,85.94041587432457,63.56666666666666,77.51677852348993,23.20387180908573,958.7858971539412,-0.3083441066747973,0.5273559567128808,-0.0044531745338234,0.1095059250190417
llama,8b,1e-06,0.04,1600,29953.6,56.91126279863481,26.767676767676768,76.72479150871872,77.78331009759012,75.78890097932536,53.782070940880665,86.56614449660233,61.7,80.79710144927536,24.5947170857893,983.892687397664,-0.398439070588016,0.6655443710333117,-0.0115360009075331,0.1335526502226478
llama,8b,1e-06,0.04,1800,33697.8,56.996587030716725,24.747474747474747,76.95223654283548,77.71360286795459,75.68008705114254,53.66305091631046,87.34424659902393,62.3,80.82191780821918,23.823685384947733,1001.0643499993492,-0.4785768730691312,0.6275086310359266,-0.0763639624854738,0.0744658789833976
llama,8b,1e-06,0.04,2000,37442.0,56.91126279863481,25.252525252525253,76.64897649734648,77.68372834096795,75.84330794341676,53.639795739071,85.42334339552389,64.03333333333333,79.86577181208054,22.01220055712813,976.4507104575438,-0.4925384870434278,0.6314997205481334,-0.0837973206464964,0.0694806167523528
llama,8b,1e-06,0.04,2031,38022.3,56.74061433447098,24.747474747474747,76.11827141774071,77.85301732722564,75.73449401523395,53.628180844946,86.55240317912028,62.7,80.27210884353741,24.342977491077296,976.6783171561704,-0.4874401895694988,0.6500022469010196,-0.0738247581256738,0.0812810286657604
llama,8b,2e-06,0.01,200,3749.2,56.14334470989761,26.262626262626267,77.78620166793026,78.55008962358096,75.51686615886834,53.50684573511232,81.44789159430312,71.76666666666667,86.45833333333334,38.18804125534411,1031.9806211457355,0.4795346476429323,1.473829429518675,0.8410963865068388,0.9766820385808036
llama,8b,2e-06,0.01,400,7498.3,57.08191126279864,27.27272727272727,67.39954510993176,78.82891854212308,74.75516866158868,55.08247875434304,80.44122927166585,53.23333333333333,77.51677852348993,34.58552264179695,953.468600512648,-0.4338726824398745,-0.2689923084157775,-0.3739161827947483,-0.3514324954278259
llama,8b,2e-06,0.01,600,11247.5,57.423208191126285,27.77777777777778,71.79681576952237,79.08783110934077,75.62568008705114,57.33769653499453,79.80674610034708,34.56666666666666,73.12925170068027,34.95038420680652,849.2229199635115,-0.0095240117337353,-0.6131210824851965,-0.2290138556433576,-0.3113225471094659
llama,8b,2e-06,0.01,800,14996.6,59.38566552901023,25.75757575757576,73.76800606520091,79.49611631149173,76.06093579978237,58.23007141761701,79.19475879555135,25.23333333333333,68.91891891891892,32.554781848294844,787.0935332695544,0.0985943442459163,-0.7028930596797127,-0.1928556208179487,-0.3021493577168982
llama,8b,2e-06,0.01,1000,18745.8,59.30034129692833,25.75757575757576,73.61637604245641,79.78490340569607,76.11534276387377,58.10242298818573,74.16017278598562,25.666666666666664,59.72222222222222,29.30811565175353,816.974661580194,0.1282475754832945,-0.9333566276937622,-0.2577903165810897,-0.4025545261052338
llama,8b,2e-06,0.01,1200,22494.9,59.89761092150171,26.767676767676768,74.14708112206216,79.45628360884285,75.89771490750816,59.12076210703968,69.33165113011255,23.266666666666666,54.7945205479452,29.84418001438813,820.2336680953982,0.1244259274608085,-0.8371144162837457,-0.2252251066281202,-0.3563442444114685
llama,8b,2e-06,0.01,1400,26244.1,59.72696245733788,27.77777777777778,74.29871114480667,79.97410874327822,76.16974972796517,59.9064604790178,71.11142878673033,21.3,62.58503401360544,26.945778773268643,778.6233380527312,0.1925787999294116,-0.8911959370453841,-0.2015211044250595,-0.3493085685579862
llama,8b,2e-06,0.01,1600,29993.3,59.64163822525597,31.313131313131315,72.10007581501138,79.99402509460268,76.82263329706203,61.20441782243896,54.673765608585214,15.433333333333334,50.352112676056336,28.695716485711337,696.2183005542213,0.4274542481484253,-0.9537951471127248,-0.0748182592192656,-0.2631704494821497
llama,8b,2e-06,0.01,1800,33742.4,59.72696245733788,29.29292929292929,73.1614859742229,80.02389962158932,76.44178454842219,60.59510597969947,63.75001662256147,20.9,57.53424657534247,30.563028588044016,769.2565713692319,0.431878615095184,-0.8953129060326226,-0.0507364834967457,-0.2317171454687193
llama,8b,2e-06,0.01,2000,37491.6,59.55631399317406,30.303030303030305,72.25170583775588,79.8546106353316,76.44178454842219,60.79463263857933,63.602629910858745,16.299999999999997,57.66666666666666,30.00822636715284,748.1402515871289,0.4231225236372477,-0.7886555821246368,-0.0175240602761648,-0.1827665292436945
llama,8b,2e-06,0.01,2031,38072.7,59.72696245733788,30.303030303030305,72.63078089461713,80.0637323242382,76.76822633297063,60.73934057302092,64.30205188898789,17.066666666666666,53.76712328767124,29.734949033950176,752.0114336175252,0.5040339721118798,-0.8685804732024534,0.0049014465430314,-0.1822732505452867
llama,8b,2e-06,0.02,200,3757.3,55.71672354948806,27.27272727272727,76.19408642911296,78.22146982672774,75.73449401523395,52.44974177950763,81.35547015252862,69.26666666666665,84.82758620689656,29.67971725197152,1022.6563058823456,0.3041316388339012,0.5793753878786552,0.4042202748501754,0.4417535133562782
llama,8b,2e-06,0.02,400,7514.7,56.14334470989761,29.29292929292929,75.43593631539045,78.68950408285203,75.0272034820457,54.78797152781618,83.20018661595677,66.1,83.78378378378379,31.955685601732448,998.6665232355438,0.0857753559279268,0.3495869450495605,0.1817068428812481,0.2176811504887437
llama,8b,2e-06,0.02,600,11272.0,55.46075085324232,28.78787878787879,71.87263078089462,78.92850029874528,74.9183895538629,57.13669768737753,83.51867489372643,60.6,80.27210884353741,26.16022381200452,988.6352525419212,-0.2825516224800146,0.1734741421103261,-0.1167240717198906,-0.0545387401848442
llama,8b,2e-06,0.02,800,15029.4,56.996587030716725,26.767676767676768,73.76800606520091,78.60983867755427,75.95212187159956,58.04557183873072,85.51327145307783,51.8,86.36363636363636,25.039670295410925,941.819318661496,0.0517337714205361,0.4488226683949065,0.1961297339566708,0.2502782199077213
llama,8b,2e-06,0.02,1000,18786.7,57.5938566552901,27.77777777777778,73.99545109931766,78.29117705636327,76.16974972796517,57.40097911345673,82.8305008488588,47.33333333333333,77.3972602739726,27.865748594914493,910.6650742890656,0.0336123986792835,0.2792973076101647,0.1229523655632403,0.1564548531447241
llama,8b,2e-06,0.02,1200,22544.1,57.93515358361775,27.27272727272727,72.40333586050039,78.54013144791874,76.278563656148,57.55407507630133,83.41251213446986,52.13333333333333,82.43243243243244,25.37022705141248,914.1714474544472,-0.0361870564243693,0.3702472608754288,0.1116072407755572,0.1670301022255297
llama,8b,2e-06,0.02,1400,26301.4,58.10580204778157,27.27272727272727,72.02426080363912,78.64967138020315,76.3329706202394,58.43443599570377,84.2368249577787,42.833333333333336,79.3103448275862,24.25568660667676,936.384889554481,-0.0393144706745272,0.2438197448907168,0.0636434258946524,0.1022526371080947
llama,8b,2e-06,0.02,1600,30058.8,58.10580204778157,27.77777777777778,71.49355572403337,78.60983867755427,76.6050054406964,58.710517107040296,83.75222188238318,48.0,78.71621621621621,25.26221339346293,934.608586485645,-0.0118420326747197,0.3685700063850203,0.1264896178924584,0.1783639868551502
llama,8b,2e-06,0.02,1800,33816.1,58.02047781569966,27.77777777777778,70.81122062168309,78.48038239394542,76.44178454842219,58.2688178968148,83.30884275943386,47.23333333333333,80.95238095238095,26.486111046421268,945.4049839592246,-0.0113273080167135,0.3759598807018275,0.1295043969718468,0.182316286342557
llama,8b,2e-06,0.02,2000,37573.5,58.02047781569966,28.28282828282828,70.12888551933283,78.45050786695877,76.38737758433079,58.61352407538541,84.31301169785058,44.56666666666666,79.85611510791367,25.79193016990801,891.6682120523012,-0.0037708495554144,0.3101055509967926,0.1103660233726608,0.1531673507206891
llama,8b,2e-06,0.02,2031,38155.8,58.19112627986348,28.28282828282828,69.97725549658831,78.39075881298547,76.550598476605,58.47734602261758,84.47912649547644,45.83333333333333,77.7027027027027,26.626786878560143,931.5583645190936,0.0098045530777991,0.355752426106489,0.1356037796336864,0.182778489592144
llama,8b,2e-06,0.04,200,3743.0,55.80204778156996,24.747474747474747,76.49734647460197,77.98247361083449,76.11534276387377,50.9514671579396,82.14980695665278,69.1,79.66666666666666,26.93631238138478,1007.4326066464662,0.2859146204021813,-0.1938992372004667,0.1114368540012183,0.0460076916008572
llama,8b,2e-06,0.04,400,7486.1,57.33788395904437,27.77777777777778,76.19408642911296,78.74925313682533,75.46245919477693,53.697053724541824,83.62483765298298,64.1,79.47019867549669,27.574234795893084,937.0505607027286,0.4128609330360182,-0.4266704459742345,0.1075767952141081,-0.0069047564691081
llama,8b,2e-06,0.04,600,11229.1,56.56996587030717,26.767676767676768,74.07126611068992,78.56004779924318,75.62568008705114,55.04734242506967,84.93624693590785,61.266666666666666,81.20567375886525,25.37935142694489,974.5039439307936,-0.1370692485686544,0.1325237744756436,-0.0390354220070915,-0.0022727370465054
llama,8b,2e-06,0.04,800,14972.2,56.058020477815695,26.262626262626267,71.72100075815011,78.48038239394542,75.95212187159956,55.6543702690799,84.53907853384575,59.43333333333333,79.92957746478874,20.654122907307023,923.6783159849743,-0.3423418187727335,0.1253349437777041,-0.1722775414816653,-0.1085034374975147
llama,8b,2e-06,0.04,1000,18715.2,58.36177474402731,26.262626262626267,73.23730098559514,78.3011352320255,75.78890097932536,55.48123848959884,84.87629489753854,58.83333333333333,79.13669064748201,21.21877144626252,940.3335284576792,-0.2117809244609141,0.3413758624823839,-0.0106330019360784,0.0647974690107349
llama,8b,2e-06,0.04,1200,22458.3,58.61774744027304,27.77777777777778,71.49355572403337,78.29117705636327,75.89771490750816,55.10766846896421,84.98245765679509,56.86666666666667,81.97278911564626,20.451870029879355,930.577279019946,-0.191575692019178,0.2716390351329077,-0.0231339730547831,0.0400316715568648
llama,8b,2e-06,0.04,1400,26201.3,58.53242320819113,27.77777777777778,70.9628506444276,78.35092611033659,75.95212187159956,55.51489122946814,84.58279587051246,57.83333333333333,82.86713286713287,22.207366795320027,979.0553708904442,-0.236742672979014,0.5943905121323232,0.0654875761523813,0.1788239195766546
llama,8b,2e-06,0.04,1600,29944.4,58.27645051194538,25.75757575757576,69.2191053828658,78.12188807010556,76.06093579978237,55.1582955695321,84.0519820742297,57.36666666666666,80.3448275862069,21.384566704827208,928.3382970241177,-0.5442809793389778,0.2983034732096462,-0.23788663295766,-0.1229887530646657
llama,8b,2e-06,0.04,1800,33687.4,57.93515358361775,27.27272727272727,70.88703563305533,77.98247361083449,76.38737758433079,54.92174447383823,85.14857245442093,58.1,81.25,21.16928178191333,914.066162519012,-0.2621500078321339,0.1774956798938157,-0.1022788486590613,-0.042327163969159
llama,8b,2e-06,0.04,2000,37430.4,58.02047781569966,27.27272727272727,69.67399545109932,77.86297550288786,76.22415669205658,55.05169505731894,85.80178371166282,58.5,77.36486486486487,20.770395202982563,961.4914524371396,-0.3514803254810281,0.3916567325728262,-0.0812486680068992,0.020088203545899
llama,8b,2e-06,0.04,2031,38010.6,57.84982935153583,27.27272727272727,70.12888551933283,77.98247361083449,76.278563656148,55.10374207181479,85.52950615478044,57.0,83.10344827586206,22.053822233190026,922.7996312325232,-0.3109806723657791,0.3647687991357009,-0.0652535918197863,0.0268940633849608
llama,8b,4e-06,0.01,200,3730.4,56.484641638225256,26.767676767676768,70.20470053070508,78.58992232622984,74.9727965179543,56.86599544738702,80.99326453809226,62.33333333333333,83.10344827586206,35.46323494578764,951.8854174972628,0.0774950324564442,-0.5454193607672919,-0.1490192923521871,-0.2339621641554238
llama,8b,4e-06,0.01,400,7460.9,58.02047781569966,27.77777777777778,66.11068991660348,79.12766381198965,75.46245919477693,58.721674237758414,77.11272756286654,32.766666666666666,70.8904109589041,33.11205304030043,830.5520658890767,0.1948738232924261,-1.6187276065425067,-0.4646176057384585,-0.7119268916250403
llama,8b,4e-06,0.01,600,11191.3,58.95904436860068,32.323232323232325,70.05307050796058,79.81477793268273,76.11534276387377,64.05552153171958,71.09020731658666,21.633333333333333,59.79020979020979,30.767810329244444,799.2020889275234,0.8105660643645484,-1.682805495923689,-0.0961145030129925,-0.4361197157795705
llama,8b,4e-06,0.01,800,14921.7,60.665529010238906,27.77777777777778,68.46095526914328,80.68113921529576,76.93144722524482,62.759299511915714,73.30588394349216,16.299999999999997,58.66666666666666,24.367773788985986,753.93869890097,0.6234482576067464,-1.6201521634468887,-0.1924064409582117,-0.4983519529200712
llama,8b,4e-06,0.01,1000,18652.2,60.49488054607508,28.78787878787879,73.23730098559514,80.13343955387373,77.04026115342764,61.32894337632455,68.23007398148025,21.33333333333333,57.09219858156028,25.117696042340555,786.8553467858098,0.8003622921917363,-1.4044137605869846,-0.0013744542732531,-0.3020257341976242
llama,8b,4e-06,0.01,1200,22382.6,60.75085324232082,26.262626262626267,70.28051554207732,80.30272854013145,77.14907508161045,63.94384971808791,59.39861788942228,18.6,54.5774647887324,24.75219089567436,748.3204385164606,0.4360264358938991,-1.3815576999601291,-0.224913249871202,-0.4727656320331149
llama,8b,4e-06,0.01,1400,26113.0,61.00682593856656,27.77777777777778,71.2661106899166,80.37243576976698,77.9107725788901,66.0164331746382,71.47363440116669,21.0,59.375,24.483149423342244,777.259492173925,0.7981844832811519,-1.1215027872462155,0.1001163849075636,-0.1616591519825318
llama,8b,4e-06,0.01,1600,29843.5,61.00682593856656,27.77777777777778,71.56937073540561,80.41226847241585,77.63873775843308,66.73313501437369,51.696221580960746,14.23333333333333,46.89655172413793,24.67072515078376,665.1341634609091,0.6845029254574004,-1.32580243137826,-0.0465172043010215,-0.3206497529604297
llama,8b,4e-06,0.01,1800,33573.9,60.49488054607508,26.262626262626267,70.12888551933283,80.42222664807808,78.18280739934713,65.64144255086435,63.52145640234578,19.03333333333333,55.172413793103445,29.05751982362891,770.9086655516966,0.5959155990535375,-1.049883835805412,-0.0025569227133532,-0.2269841183759373
llama,8b,4e-06,0.01,2000,37304.3,60.580204778157,27.77777777777778,67.17210007581501,80.48197570205139,78.34602829162132,65.98052357229015,57.963536749158905,15.466666666666663,50.71942446043165,28.855036978214827,736.8575702348534,0.6101299570653319,-1.0503663018029257,0.0063131356586928,-0.2201181723687968
llama,8b,4e-06,0.01,2031,37882.5,60.580204778157,25.75757575757576,67.93025018953753,80.32264489145588,78.12840043525571,65.91905609359682,56.6658687837161,16.299999999999997,48.63013698630137,26.654884244512026,732.5082818542968,0.4445891043361018,-1.194179741872631,-0.151326839739801,-0.3747953187682645
llama,8b,4e-06,0.02,200,3721.0,56.31399317406144,25.75757575757576,69.97725549658831,78.57996415056762,74.9727965179543,54.685726418386494,81.52657171859555,64.4,77.89115646258503,28.097434131728672,1014.2224811387176,-0.0322362393264112,-0.63042858747045,-0.2497607295606072,-0.3313324133984306
llama,8b,4e-06,0.02,400,7442.0,57.423208191126285,29.7979797979798,75.8150113722517,79.39653455486955,74.9727965179543,55.73113494629449,79.74430067775724,57.43333333333333,86.64383561643835,34.96223003986565,964.0376972912668,0.3882559391287685,0.3690619043256523,0.3812762901094535,0.3786589217272104
llama,8b,4e-06,0.02,600,11163.1,58.10580204778157,29.29292929292929,67.39954510993176,79.51603266281617,76.11534276387377,61.50458984333508,80.79218695284068,54.3,82.16783216783216,31.085632852420748,939.4983773246204,0.5007623989206519,0.1882158252554193,0.3871090994060218,0.3444891120880355
llama,8b,4e-06,0.02,800,14884.1,59.47098976109216,30.303030303030305,66.868840030326,79.50607448715395,76.82263329706203,60.57925033193136,81.7963558912574,39.56666666666666,75.6578947368421,23.65031172789131,889.6337711020433,0.6748175573640728,-0.3070730741443254,0.3177664186337461,0.1838722416098736
llama,8b,4e-06,0.02,1000,18605.1,60.23890784982935,31.818181818181817,69.3707354056103,79.12766381198965,76.44178454842219,58.76776140895112,80.59360275180964,43.16666666666667,80.13698630136986,21.92735624492716,914.0869726741004,0.5629830740324271,0.0259388380760369,0.3676942609573761,0.294460956054232
llama,8b,4e-06,0.02,1200,22326.1,61.00682593856656,30.80808080808081,67.17210007581501,79.18741286596295,76.6594124047878,60.55683015725192,81.66021711281621,46.0,77.18120805369128,21.26978282229618,901.343154047561,0.6121008564735205,-0.0721783592054654,0.363272050772071,0.2699612486340275
llama,8b,4e-06,0.02,1400,26047.1,61.60409556313993,30.303030303030305,65.95905989385898,79.30691097390958,76.6594124047878,59.51064123289835,83.27637335602867,39.93333333333333,77.93103448275862,22.42793683773116,870.8869348552164,0.4726000942955349,-0.1413084561793415,0.2493606213955798,0.1656458190580966
llama,8b,4e-06,0.02,1600,29768.2,61.43344709897611,31.818181818181817,65.95905989385898,79.34674367655845,77.25788900979326,61.26595551432088,81.0232405572769,38.56666666666666,73.07692307692307,24.66551197695769,855.5499909875334,0.6166558703093833,-0.0751494777893727,0.3650902891825629,0.2707531962600052
llama,8b,4e-06,0.02,1800,33489.2,61.262798634812285,29.7979797979798,66.71721000758151,79.24716191993627,76.93144722524482,60.25244231314238,80.67726964454314,40.23333333333333,76.20689655172413,24.616743093835684,895.8685111315251,0.5289734962470353,-0.0843815967912059,0.3059352805967658,0.2222959497279146
llama,8b,4e-06,0.02,2000,37210.2,61.43344709897611,30.303030303030305,65.95905989385898,79.21728739294961,76.98585418933624,60.58879785117903,80.62856553943536,35.56666666666666,76.92307692307693,24.12974468007978,862.4220244715058,0.5577826333214488,-0.0498584035023483,0.3368222562946135,0.2539621149095502
llama,8b,4e-06,0.02,2031,37787.0,61.262798634812285,30.80808080808081,64.89764973464746,79.23720374427405,77.04026115342764,60.78217098386697,82.39460187857107,35.33333333333333,76.59574468085107,22.268642575347645,867.8419513837085,0.5290353038459343,-0.2084633119725652,0.2608539890028435,0.1602859959366845
llama,8b,4e-06,0.04,200,3720.3,56.058020477815695,24.747474747474747,73.61637604245641,78.48038239394542,75.29923830250273,54.381235948936975,82.77553557893057,67.69999999999999,80.82191780821918,22.823983316196067,983.6101130707608,0.4157934597783732,-0.6507112938889572,0.0279735493538894,-0.117458917055292
llama,8b,4e-06,0.04,400,7440.6,56.22866894197952,31.818181818181817,73.76800606520091,78.71937860983867,75.40805223068553,55.52188426794895,83.65730705638816,59.633333333333326,77.89115646258503,26.551628336519624,991.3015571953478,0.513384125843696,-0.4646259752860037,0.1577440890692597,0.0243790752788461
llama,8b,4e-06,0.04,600,11160.9,54.86348122866895,30.303030303030305,69.29492039423806,78.55008962358096,75.89771490750816,57.18683429611332,82.75680749300743,50.83333333333333,81.08108108108108,22.28289557628209,957.9864933627862,-0.1039816049301871,-0.2459869939124433,-0.1556199281964621,-0.1749842994213152
llama,8b,4e-06,0.04,800,14881.1,55.972696245733786,27.77777777777778,68.38514025777104,78.80900219079865,76.76822633297063,57.83647181593577,82.0411508131757,48.7,78.96551724137932,17.202138249129135,944.5231717653568,-0.0659067896220243,-0.1531962928455195,-0.0976484271578408,-0.1095515412337719
llama,8b,4e-06,0.04,1000,18601.4,58.53242320819113,28.78787878787879,70.65959059893859,77.9326827325234,76.00652883569097,55.36963206630343,82.69685545463813,50.13333333333333,72.75862068965517,17.57249334294985,886.4370663258438,-0.2501508216677949,-0.387872324566508,-0.3002313681764179,-0.3190115731171514
llama,8b,4e-06,0.04,1200,22321.7,57.84982935153583,29.7979797979798,71.87263078089462,78.5700059749054,77.14907508161045,55.3392428242843,83.27637335602867,50.8,78.08219178082192,17.825745746841257,930.4303947958504,0.2431588636028815,-0.0309429916061343,0.1434854617086939,0.1061079359983735
llama,8b,4e-06,0.04,1400,26042.0,57.67918088737202,29.7979797979798,72.17589082638362,78.87870942043418,76.76822633297063,55.86623509225581,83.55114429713161,49.83333333333333,77.55102040816327,20.315307604584607,917.705828564546,0.1769344077761077,0.0320650340074249,0.1242546354965866,0.1044997208917663
llama,8b,4e-06,0.04,1600,29762.3,57.76450511945392,30.303030303030305,70.58377558756634,78.18163712407888,76.550598476605,56.13561007733778,84.84631887835388,51.4,76.51006711409396,19.80148553729682,919.2290037640004,-0.0797940709666845,0.0384953416083276,-0.0367797391212255,-0.0206493646791784
llama,8b,4e-06,0.04,1800,33482.6,57.5938566552901,26.767676767676768,70.73540561031083,78.11192989444334,76.6050054406964,55.88976144291698,84.873801513318,48.66666666666666,82.51748251748252,20.031086861199345,944.4975714008458,-0.260578426606393,0.1048882898936247,-0.1276814387882048,-0.0778450683563841
llama,8b,4e-06,0.04,2000,37202.9,57.423208191126285,28.28282828282828,68.91584533737681,78.06213901613225,76.76822633297063,56.15284415090641,84.296776996148,48.56666666666666,77.62237762237763,17.540125551081474,928.0862161976388,-0.2104945905309416,0.0008461548930536,-0.1336434103767615,-0.104824217818944
llama,8b,4e-06,0.04,2031,37779.5,57.76450511945392,30.303030303030305,69.2191053828658,78.02230631348337,76.82263329706203,56.25997886478413,85.22475919449283,47.53333333333333,79.3918918918919,18.886748574098704,917.8844866765352,-0.0238620674265819,-0.0162477310492473,-0.0210932178348239,-0.0200548992379146
