family,size,dataset,lr,beta,dpo_step,elapsed_time_sec,ARC-C,GPQA,GSM8K,HellaSwag,PIQA,TruthfulQA,IFEval,Arena-Hard,MT-Bench,AlpacaEval,ELO
qwen3,14b,ultrafeedback_binarized,1e-06,0.01,48,1630.6,69.28327645051195,36.36363636363637,86.05003790750568,80.79067914758016,79.97823721436343,54.434925611946284,87.0969582928851,47.8,58.70967741935483,13.550528137181823,1094.689502197888
qwen3,14b,ultrafeedback_binarized,1e-06,0.01,96,3261.2,69.6245733788396,35.35353535353536,85.97422289613344,80.91017725552678,79.76060935799782,54.94091905557874,87.94875375115804,48.9,58.387096774193544,13.018129211602089,1054.8192237396986
qwen3,14b,ultrafeedback_binarized,1e-06,0.01,144,4891.8,69.7098976109215,34.34343434343434,86.65655799848369,81.09938259310894,79.86942328618063,55.58656503488151,87.02077155281322,47.733333333333334,57.14285714285714,12.901686290113146,1066.067797593481
qwen3,14b,ultrafeedback_binarized,1e-06,0.01,192,6522.4,69.6245733788396,35.858585858585855,86.65655799848369,81.32842063333997,80.03264417845483,55.980667117560046,87.4179399548753,48.599999999999994,57.14285714285714,16.140973725437487,1092.2108808017424
qwen3,14b,ultrafeedback_binarized,1e-06,0.01,240,8153.0,69.88054607508532,34.84848484848485,86.65655799848369,81.3981278629755,80.25027203482045,56.24519499785572,88.37589817240477,48.6,60.130718954248366,14.633964966197343,1036.4918387840044
qwen3,14b,ultrafeedback_binarized,1e-06,0.01,288,9783.6,69.96587030716724,34.84848484848485,87.41470811220621,81.37821151165106,79.70620239390642,56.53273432980407,87.75266293434754,45.766666666666666,57.14285714285714,14.145019056301797,1043.7182751758894
qwen3,14b,ultrafeedback_binarized,1e-06,0.01,336,11414.2,69.88054607508532,35.35353535353536,87.41470811220621,81.42800238996216,79.65179542981502,56.762321878744345,87.81261497271684,44.86666666666666,57.84313725490197,14.095965640450364,1037.822636294656
qwen3,14b,ultrafeedback_binarized,1e-06,0.01,384,13044.7,70.05119453924915,35.858585858585855,87.49052312357847,81.42800238996216,79.70620239390642,56.92352010089873,87.88880171278873,48.199999999999996,57.64331210191082,17.003372229491067,1051.134923048567
qwen3,14b,ultrafeedback_binarized,1e-06,0.01,432,14675.3,69.7952218430034,34.84848484848485,87.71796815769522,81.38816968731328,79.59738846572361,57.02173602594763,87.3092838113982,46.03333333333333,58.70967741935483,14.53099492436034,1085.2695991311966
qwen3,14b,ultrafeedback_binarized,1e-06,0.01,478,16238.0,70.30716723549489,36.36363636363637,87.86959818043972,81.37821151165106,79.5429815016322,57.008841240660644,87.4017052531727,43.36666666666667,56.493506493506494,14.807073787711673,1016.5743072992351
qwen3,14b,ultrafeedback_binarized,1e-06,0.02,48,1626.6,69.19795221843003,34.34343434343434,85.82259287338894,80.75084644493128,80.25027203482045,54.4612599229061,87.14316901377235,49.56666666666666,54.22077922077923,13.240035844645345,1066.4938891256795
qwen3,14b,ultrafeedback_binarized,1e-06,0.02,96,3253.2,69.28327645051195,35.858585858585855,86.27748294162244,80.98984266082454,80.03264417845483,54.96700128107154,86.8246807360027,47.03333333333333,56.493506493506494,13.030396234969317,1049.2696259036857
qwen3,14b,ultrafeedback_binarized,1e-06,0.02,144,4879.9,69.53924914675767,34.34343434343434,86.73237300985596,81.03963353913562,79.97823721436343,55.54740998237687,87.21935575384425,48.56666666666666,59.47712418300654,13.144070168803456,1079.5625932344692
qwen3,14b,ultrafeedback_binarized,1e-06,0.02,192,6506.5,69.7952218430034,35.35353535353536,86.88400303260046,81.30850428201553,80.25027203482045,55.88627930215364,86.1989521137249,50.39999999999999,56.774193548387096,14.71748092713414,1056.5272441729098
qwen3,14b,ultrafeedback_binarized,1e-06,0.02,240,8133.1,69.6245733788396,35.858585858585855,86.88400303260046,81.36825333598885,79.70620239390642,56.096467097187904,86.77847001511546,49.26666666666666,58.16993464052288,14.416524338078846,1076.46153778931
qwen3,14b,ultrafeedback_binarized,1e-06,0.02,288,9759.7,69.7952218430034,35.35353535353536,87.64215314632298,81.36825333598885,79.97823721436343,56.311285134092984,87.3854705514701,,58.223684210526315,13.830653502596077,1087.3338924079987
qwen3,14b,ultrafeedback_binarized,1e-06,0.02,336,11386.3,69.7952218430034,36.36363636363637,87.94541319181198,81.25871340370445,79.86942328618063,56.60790068430636,87.2493317730289,48.13333333333333,56.9078947368421,15.627254812288394,1074.6680853168987
qwen3,14b,ultrafeedback_binarized,1e-06,0.02,384,13012.9,69.88054607508532,35.35353535353536,88.02122820318424,81.3383788090022,79.5429815016322,56.67719913645099,87.87506039530668,50.333333333333336,57.7922077922078,14.395954081189016,1083.5314854531566
qwen3,14b,ultrafeedback_binarized,1e-06,0.02,432,14639.6,69.36860068259386,35.35353535353536,87.71796815769522,81.3383788090022,79.97823721436343,56.75430538751144,86.87089145688994,49.666666666666664,57.14285714285714,14.465156891147426,1051.9312920678026
qwen3,14b,ultrafeedback_binarized,1e-06,0.02,478,16198.4,69.6245733788396,35.35353535353536,87.71796815769522,81.36825333598885,80.08705114254624,56.820850700137186,87.55657211753703,48.83333333333333,54.57516339869281,15.271135854535553,1056.3971381561446
qwen3,14b,ultrafeedback_binarized,2e-06,0.01,48,1634.9,69.36860068259386,35.35353535353536,85.67096285064443,80.88030272854013,79.92383025027203,54.779377003465676,86.39753631475595,44.599999999999994,55.16129032258065,12.609478616076697,1081.870871746975
qwen3,14b,ultrafeedback_binarized,2e-06,0.01,96,3269.9,69.7952218430034,35.858585858585855,87.11144806671722,81.41804421429994,79.81501632208922,56.21504154881315,86.18521079624286,48.9,57.74193548387097,14.497612340353736,1073.5093932321727
qwen3,14b,ultrafeedback_binarized,2e-06,0.01,144,4904.8,70.22184300341297,34.34343434343434,87.71796815769522,81.53754232224657,79.81501632208922,57.26499754068155,86.71602459252561,47.8,58.82352941176471,15.532083064166816,1058.2624981102556
qwen3,14b,ultrafeedback_binarized,2e-06,0.01,192,6539.8,69.96587030716724,35.858585858585855,88.70356330553449,81.4578769169488,79.65179542981502,58.28024784546329,87.60028945420373,44.766666666666666,57.7922077922078,16.83892057522946,1088.7754095193236
qwen3,14b,ultrafeedback_binarized,2e-06,0.01,240,8174.7,70.39249146757679,34.84848484848485,88.77937831690674,81.38816968731328,79.4885745375408,59.11241889822971,87.58904152094222,,61.53846153846154,17.0084518865632,1054.1018004587572
qwen3,14b,ultrafeedback_binarized,2e-06,0.01,288,9809.6,70.39249146757679,34.84848484848485,88.93100833965126,81.20892252539335,79.4885745375408,59.93618813196474,87.67896957849617,,58.88157894736842,16.348555566984032,1043.557746574264
qwen3,14b,ultrafeedback_binarized,2e-06,0.01,336,11444.6,70.39249146757679,35.35353535353536,89.76497346474602,81.30850428201553,79.70620239390642,60.67353795733664,87.14566239799288,,56.5359477124183,15.810129781286989,1037.6885888650345
qwen3,14b,ultrafeedback_binarized,2e-06,0.01,384,13079.5,70.81911262798634,34.84848484848485,89.53752843062927,81.24875522804223,79.59738846572361,60.99784657089431,88.01369255796841,,60.71428571428571,15.97560362466795,1036.465904033068
qwen3,14b,ultrafeedback_binarized,2e-06,0.01,432,14714.5,70.73378839590444,35.35353535353536,89.53752843062927,81.21888070105557,79.27094668117519,61.10509063681738,86.97954760036703,,64.6103896103896,16.459020633049825,1048.553811591328
qwen3,14b,ultrafeedback_binarized,2e-06,0.01,478,16281.3,70.81911262798634,35.35353535353536,89.08263836239576,81.26867157936665,79.81501632208922,61.152818864189385,86.90336086029514,39.33333333333333,56.774193548387096,14.721936827633511,1053.6848999769795
qwen3,14b,ultrafeedback_binarized,2e-06,0.02,48,1631.0,69.53924914675767,36.36363636363637,85.44351781652767,80.82055367456682,80.03264417845483,54.792193394996666,87.06947565792099,48.63333333333333,54.83870967741935,12.775728758260607,1051.8729987101613
qwen3,14b,ultrafeedback_binarized,2e-06,0.02,96,3262.0,69.6245733788396,36.36363636363637,86.5049279757392,81.36825333598885,80.25027203482045,56.116761068092934,86.76223531341286,49.2,58.44155844155844,15.535844835747456,1093.5237598123697
qwen3,14b,ultrafeedback_binarized,2e-06,0.02,144,4893.0,70.13651877133105,34.84848484848485,88.24867323730099,81.47779326827326,79.86942328618063,57.17965824691815,86.9770542161465,47.53333333333333,65.0326797385621,16.98604512983353,1069.9081312985159
qwen3,14b,ultrafeedback_binarized,2e-06,0.02,192,6524.0,70.22184300341297,35.35353535353536,88.47611827141773,81.42800238996216,79.4341675734494,57.91433810109547,87.3255185131008,43.9,62.41830065359477,15.650930952404453,1060.98951733369
qwen3,14b,ultrafeedback_binarized,2e-06,0.02,240,8155.0,70.39249146757679,35.858585858585855,88.09704321455648,81.35829516032663,79.92383025027203,58.36364624271781,88.30220481655343,44.96666666666667,65.25974025974025,16.23827595306335,1072.794429997284
qwen3,14b,ultrafeedback_binarized,2e-06,0.02,288,9786.0,70.4778156996587,35.35353535353536,88.62774829416225,81.26867157936665,79.4885745375408,58.81633343920427,87.51036139664978,45.56666666666666,56.16883116883117,16.254201840237332,1057.955186123698
qwen3,14b,ultrafeedback_binarized,2e-06,0.02,336,11417.0,70.39249146757679,34.84848484848485,89.38589840788475,81.24875522804223,79.76060935799782,59.300333620828084,87.72268691516288,46.166666666666664,59.66666666666667,14.701887555604731,1082.23582776014
qwen3,14b,ultrafeedback_binarized,2e-06,0.02,384,13048.0,70.56313993174061,35.35353535353536,87.94541319181198,81.18900617406891,79.97823721436343,59.495293257677375,87.73892161686547,45.0,60.333333333333336,15.658612392077847,1060.1479106680542
qwen3,14b,ultrafeedback_binarized,2e-06,0.02,432,14678.9,70.81911262798634,35.858585858585855,88.24867323730099,81.09938259310894,79.76060935799782,59.46152552689748,87.93750581789652,46.03333333333333,61.36363636363637,15.847984607552329,1055.0150735171806
qwen3,14b,ultrafeedback_binarized,2e-06,0.02,478,16242.0,70.4778156996587,34.84848484848485,88.77937831690674,81.1790479984067,79.81501632208922,59.57874808137416,87.96748183708118,45.93333333333333,59.80392156862745,14.901742744114417,1058.4172696796218
qwen3,14b,ultrafeedback_binarized,2e-06,0.04,48,1641.2,69.53924914675767,35.858585858585855,86.12585291887794,80.79067914758016,80.19586507072906,54.78825572833068,86.86839807266942,46.8,51.94805194805194,12.14736042075521,1056.4152583379228
qwen3,14b,ultrafeedback_binarized,2e-06,0.04,96,3282.3,69.53924914675767,35.858585858585855,86.42911296436695,81.30850428201553,79.86942328618063,56.08099845432015,87.43168127235734,50.3,56.493506493506494,14.188459135883749,1063.6396050860112
qwen3,14b,ultrafeedback_binarized,2e-06,0.04,144,4923.5,69.96587030716724,35.858585858585855,87.18726307808946,81.48775144393548,79.81501632208922,56.87277674742057,87.00703023533116,48.9,58.223684210526315,17.86398896290126,1061.6945760238493
qwen3,14b,ultrafeedback_binarized,2e-06,0.04,192,6564.6,70.4778156996587,35.35353535353536,88.24867323730099,81.41804421429994,79.86942328618063,57.45637292528281,87.4778919932446,49.633333333333326,60.264900662251655,15.210892521700467,1076.3994864182712
qwen3,14b,ultrafeedback_binarized,2e-06,0.04,240,8205.8,69.96587030716724,35.35353535353536,87.64215314632298,81.32842063333997,79.92383025027203,57.69313506631995,88.37589817240477,49.36666666666667,64.83870967741936,15.17253679869003,1073.437983705319
qwen3,14b,ultrafeedback_binarized,2e-06,0.04,288,9847.0,70.22184300341297,35.858585858585855,88.32448824867323,81.29854610635331,80.14145810663766,57.804990801343436,88.19604205729686,50.49999999999999,65.28662420382165,15.980900157133073,1090.9670039128935
qwen3,14b,ultrafeedback_binarized,2e-06,0.04,336,11488.1,70.13651877133105,34.84848484848485,88.02122820318424,81.35829516032663,79.81501632208922,58.260337428428464,88.63692779602566,50.93333333333333,69.30379746835443,18.11688641885109,1077.533045399549
qwen3,14b,ultrafeedback_binarized,2e-06,0.04,384,13129.3,70.56313993174061,36.36363636363637,88.24867323730099,81.20892252539335,80.03264417845483,58.30223980569315,88.46831961417926,50.93333333333333,66.55844155844156,15.990072667311996,1077.3518718497144
qwen3,14b,ultrafeedback_binarized,2e-06,0.04,432,14770.4,70.22184300341297,35.858585858585855,87.64215314632298,81.32842063333997,80.08705114254624,58.3376538864536,88.33218083573807,50.99999999999999,64.28571428571429,16.04737828392078,1075.511316436709
qwen3,14b,ultrafeedback_binarized,2e-06,0.04,478,16343.2,70.13651877133105,36.36363636363637,88.40030326004549,81.35829516032663,80.41349292709467,58.329592885558725,88.8192772953541,48.3,64.80263157894737,16.44935419143725,1060.477004511397
qwen3,14b,ultrafeedback_binarized,4e-06,0.01,48,1630.6,69.28327645051195,36.36363636363637,86.88400303260046,81.15913164708225,80.19586507072906,55.63085743112139,86.77597663089492,44.46666666666667,59.354838709677416,12.73702635006512,1031.0284152506727
qwen3,14b,ultrafeedback_binarized,4e-06,0.01,96,3261.2,70.30716723549489,34.84848484848485,88.70356330553449,81.52758414658435,79.81501632208922,59.124489845434034,86.56863788082289,41.1,63.39869281045751,16.31112725072642,1072.507921341848
qwen3,14b,ultrafeedback_binarized,4e-06,0.01,144,4891.9,71.160409556314,37.37373737373738,89.38589840788475,81.18900617406891,79.4341675734494,61.79104632580764,85.46955411641113,40.233333333333334,60.71428571428571,17.486505633560014,1002.6984149812977
qwen3,14b,ultrafeedback_binarized,4e-06,0.01,192,6522.5,71.160409556314,37.37373737373738,89.91660348749052,80.98984266082454,79.4885745375408,64.09257506105183,87.0207715528132,38.13333333333333,64.05228758169935,17.70616377863728,995.2017208500777
qwen3,14b,ultrafeedback_binarized,4e-06,0.01,240,8153.1,71.50170648464163,36.36363636363637,90.06823351023503,81.19896434973113,79.86942328618063,64.69219104719647,87.05074757199786,37.166666666666664,60.78431372549019,19.706259329408947,1005.4360626761083
qwen3,14b,ultrafeedback_binarized,4e-06,0.01,288,9783.7,71.84300341296928,34.34343434343434,89.91660348749052,80.84047002589125,79.379760609358,64.94359204987799,87.29803587813669,37.666666666666664,59.47712418300654,14.720822424163224,988.5505035928849
qwen3,14b,ultrafeedback_binarized,4e-06,0.01,336,11414.3,72.01365187713311,35.35353535353536,89.84078847611828,80.87034455287791,79.5429815016322,65.46027277586434,86.06281333528372,39.63333333333333,59.47712418300654,15.478895286791635,964.6276496493844
qwen3,14b,ultrafeedback_binarized,4e-06,0.01,384,13044.9,72.18430034129693,34.84848484848485,90.37149355572403,80.95000995817566,79.5429815016322,65.7221454763849,86.4599817373458,35.56666666666666,62.251655629139066,17.915831058289484,947.4308489897919
qwen3,14b,ultrafeedback_binarized,4e-06,0.01,432,14675.6,71.84300341296928,34.84848484848485,89.84078847611828,80.94005178251345,79.4885745375408,65.81824016633381,86.36756029557131,38.43333333333333,57.56578947368421,15.935952722814578,1006.0540243978581
qwen3,14b,ultrafeedback_binarized,4e-06,0.01,478,16238.2,72.35494880546075,34.34343434343434,89.91660348749052,80.92013543118901,79.4885745375408,65.83212041376623,86.7647286976334,36.8,59.09090909090909,15.36015943105276,1010.4918488478767
qwen3,14b,ultrafeedback_binarized,4e-06,0.02,48,1624.9,69.53924914675767,35.858585858585855,86.3532979529947,81.10934076877116,80.19586507072906,55.560738501472294,86.77597663089493,44.93333333333334,55.55555555555556,12.593494851014734,1045.599290315999
qwen3,14b,ultrafeedback_binarized,4e-06,0.02,96,3249.9,70.73378839590444,35.858585858585855,87.79378316906747,81.59729137621987,80.30467899891185,58.72249912995579,87.37422261820858,44.96666666666667,65.16129032258064,17.136169801817854,1033.163783682289
qwen3,14b,ultrafeedback_binarized,4e-06,0.02,144,4874.8,70.73378839590444,35.35353535353536,88.70356330553449,81.4479187412866,79.97823721436343,60.876580230315945,87.52659609835237,44.63333333333333,63.961038961038966,17.31024678144385,1044.8378929937676
qwen3,14b,ultrafeedback_binarized,4e-06,0.02,192,6499.7,70.73378839590444,35.858585858585855,89.61334344200151,81.4578769169488,80.03264417845483,62.03778172044216,87.99745785626583,43.56666666666666,64.14473684210526,17.034661274469258,1017.0802536544627
qwen3,14b,ultrafeedback_binarized,4e-06,0.02,240,8124.6,71.58703071672356,36.868686868686865,89.31008339651251,81.24875522804223,80.03264417845483,62.380211280243024,87.02326493703374,45.133333333333326,59.74025974025974,15.717227748382076,1058.9011692992342
qwen3,14b,ultrafeedback_binarized,4e-06,0.02,288,9749.6,71.67235494880546,37.37373737373738,89.46171341925702,80.95996813383788,79.59738846572361,63.247453130026564,87.80136703945531,39.03333333333333,56.12903225806451,14.727953120908458,1032.7048844420883
qwen3,14b,ultrafeedback_binarized,4e-06,0.02,336,11374.5,71.84300341296928,37.37373737373738,90.06823351023503,80.94005178251345,79.65179542981502,63.763583749617446,87.26805985895203,39.46666666666667,60.45751633986928,14.804914139918528,1048.7189810957957
qwen3,14b,ultrafeedback_binarized,4e-06,0.02,384,12999.4,71.58703071672356,37.37373737373738,89.84078847611828,80.9699263095001,79.65179542981502,63.948118610676175,86.81093941852063,41.666666666666664,54.90196078431373,14.36823023698973,1043.1629979381971
qwen3,14b,ultrafeedback_binarized,4e-06,0.02,432,14624.4,71.58703071672356,35.858585858585855,90.21986353297953,80.95996813383788,79.76060935799782,64.05586982858475,87.43666804079841,38.766666666666666,55.22875816993464,14.592405684856251,1033.527787433648
qwen3,14b,ultrafeedback_binarized,4e-06,0.02,478,16181.6,71.50170648464163,36.868686868686865,90.06823351023503,81.03963353913562,79.65179542981502,64.05816287611358,88.04366857715307,38.166666666666664,58.27814569536424,14.576097498346863,995.8951149587923
qwen3,14b,ultrafeedback_binarized,4e-06,0.04,48,1628.8,69.6245733788396,36.36363636363637,86.58074298711145,81.21888070105557,80.03264417845483,55.43674789820201,87.66024149257305,46.13333333333333,55.92105263157895,12.989110901796804,1048.401528541283
qwen3,14b,ultrafeedback_binarized,4e-06,0.04,96,3257.7,70.13651877133105,34.84848484848485,88.77937831690674,81.5076677952599,80.19586507072906,58.47720372722585,87.45040935828048,46.733333333333334,62.58064516129033,18.23210789016366,1079.7706780467759
qwen3,14b,ultrafeedback_binarized,4e-06,0.04,144,4886.5,70.73378839590444,34.34343434343434,88.77937831690674,81.3981278629755,80.30467899891185,59.48086143029923,87.46415067576254,49.36666666666666,65.9090909090909,17.883099262110616,1070.5706893842694
qwen3,14b,ultrafeedback_binarized,4e-06,0.04,192,6515.4,70.64846416382252,34.34343434343434,88.62774829416225,81.30850428201553,80.08705114254624,59.70698970168494,87.0370062545158,49.3,64.80263157894737,17.14979718444542,1112.3281840740349
qwen3,14b,ultrafeedback_binarized,4e-06,0.04,240,8144.2,70.81911262798634,34.84848484848485,88.855193328279,81.42800238996216,79.97823721436343,60.07081568885343,86.79470471681805,50.83333333333333,63.48684210526315,17.905302583938933,1081.1043594245534
qwen3,14b,ultrafeedback_binarized,4e-06,0.04,288,9773.0,71.07508532423208,34.34343434343434,88.93100833965126,81.3383788090022,79.92383025027203,60.65118065365805,87.35798791650599,45.733333333333334,61.51315789473685,15.401688933936612,1089.1225224295538
qwen3,14b,ultrafeedback_binarized,4e-06,0.04,336,11401.9,70.98976109215018,34.34343434343434,89.31008339651251,81.29854610635331,80.14145810663766,61.09820461011034,87.34175321480339,45.36666666666667,63.725490196078425,16.636693379157986,1079.4456623287304
qwen3,14b,ultrafeedback_binarized,4e-06,0.04,384,13030.7,71.41638225255973,34.84848484848485,89.08263836239576,81.20892252539335,80.14145810663766,61.07977281848157,87.17563841717754,48.46666666666666,65.13157894736842,16.973847691316326,1080.4704889379052
qwen3,14b,ultrafeedback_binarized,4e-06,0.04,432,14659.6,71.160409556314,36.36363636363637,89.15845337376801,81.38816968731328,80.35908596300327,60.88143076241064,87.0370062545158,48.3,59.27152317880795,16.968805400310984,1054.9371062549046
qwen3,14b,ultrafeedback_binarized,4e-06,0.04,478,16220.5,71.33105802047781,34.84848484848485,88.93100833965126,81.2885879306911,80.35908596300327,60.85210618438711,88.0898792980403,47.599999999999994,63.87096774193548,18.310585354615394,1101.7233598017992
