family,size,dataset,lr,beta,dpo_step,elapsed_time_sec,ARC-C,GPQA,GSM8K,HellaSwag,PIQA,TruthfulQA,IFEval,Arena-Hard,MT-Bench,AlpacaEval,ELO,Z-Static,Z-Dynamic,Z-All,Z-Macro
qwen3,1.7b,ultrafeedback_binarized,1e-06,0.01,48,345.2,57.081911262798634,22.727272727272727,33.81349507202426,67.19776936865166,75.29923830250273,47.278168154145625,65.32372992548659,51.46666666666667,45.09803921568628,3.8272850415114967,750.9416451704103,-0.32128068360998885,-0.11906708912306466,-0.2477484674329255,-0.22017388636652674
qwen3,1.7b,ultrafeedback_binarized,1e-06,0.01,96,690.4,56.996587030716725,23.737373737373737,33.131159969673995,67.19776936865166,75.62568008705114,47.24037745161075,64.53188650558297,48.4,46.381578947368425,4.207682809304759,733.0347711692414,0.0989791779846465,-1.2555450654144356,-0.39357509234229243,-0.5782829437148945
qwen3,1.7b,ultrafeedback_binarized,1e-06,0.01,144,1035.5,56.996587030716725,22.727272727272727,33.510235026535256,67.2176857199761,75.1904243743199,47.39442165676701,64.2296329295159,51.36666666666666,51.307189542483655,4.455012551961845,726.0888489285549,-0.29737112194041976,-0.6072490375885371,-0.41005400035791695,-0.45231007976447846
qwen3,1.7b,ultrafeedback_binarized,1e-06,0.01,192,1380.7,56.56996587030717,24.242424242424242,33.131159969673995,67.24756024696276,75.29923830250273,47.34686593774352,63.34786145205832,50.9,51.9607843137255,5.247911216645378,719.9816315409922,-0.4946925790794365,-0.7046961026092124,-0.5710574967266276,-0.5996943408443245
qwen3,1.7b,ultrafeedback_binarized,1e-06,0.01,240,1725.9,56.484641638225256,21.21212121212121,33.73768006065201,67.23760207130054,75.35364526659413,47.271264979058415,65.73463964503074,52.166666666666664,53.2258064516129,3.944065818647087,755.3198228536637,-0.5707821213106447,-0.6529255540166896,-0.6006524604764792,-0.6118538376636671
qwen3,1.7b,ultrafeedback_binarized,1e-06,0.01,288,2071.1,57.081911262798634,25.252525252525253,33.206974981046244,67.31726747659829,75.24483133841132,47.229316362074044,64.3820064096597,49.96666666666667,49.668874172185426,5.012990382350199,763.7532134290802,-0.16838541889053454,-0.5166927931779638,-0.2950426459041452,-0.3425391060342492
qwen3,1.7b,ultrafeedback_binarized,1e-06,0.01,336,2416.3,57.16723549488054,24.242424242424242,33.05534495830174,67.35710017924717,75.40805223068553,47.24780913877329,63.71505383493575,48.9,48.69281045751634,3.75177147787129,735.3555887419559,-0.5804282140078177,-1.004309288429842,-0.7345667865249172,-0.7923687512188298
qwen3,1.7b,ultrafeedback_binarized,1e-06,0.01,384,2761.4,56.655290102389074,23.232323232323232,33.66186504927976,67.38697470623381,75.0816104461371,47.365310970463746,66.28418152723663,49.26666666666666,55.29801324503312,4.621873370511133,743.1331437156477,0.039559418566287086,-0.7703257563099278,-0.2549442813887002,-0.3653831688718204
qwen3,1.7b,ultrafeedback_binarized,1e-06,0.01,432,3106.6,57.081911262798634,22.727272727272727,32.44882486732373,67.3770165305716,75.29923830250273,47.274193114755455,65.08142838778885,51.03333333333333,55.29801324503312,4.017291870773963,717.6177339032736,-0.6478172472207966,-0.9528318676832208,-0.7587316546616782,-0.8003245574520087
qwen3,1.7b,ultrafeedback_binarized,1e-06,0.01,478,3437.4,57.081911262798634,22.22222222222222,32.676269901440484,67.2176857199761,75.35364526659413,47.24175631702923,65.08142838778885,50.166666666666664,53.896103896103895,3.820879467343144,737.4963958813735,-0.4713994054286993,-0.8514081608470023,-0.6095844073989912,-0.6614037831378508
qwen3,1.7b,ultrafeedback_binarized,1e-06,0.02,48,341.4,56.996587030716725,22.22222222222222,33.73768006065201,67.20772754431388,75.57127312295974,47.40687757818949,64.49066255313679,47.8,48.68421052631579,3.754982565627317,726.8814384806204,-0.17718683064145738,-1.0036025383296754,-0.477701633437173,-0.5903946844855664
qwen3,1.7b,ultrafeedback_binarized,1e-06,0.02,96,682.8,56.996587030716725,23.737373737373737,33.05534495830174,67.33718382792271,75.0272034820457,47.287623162435686,63.952368604192436,49.266666666666666,51.935483870967744,4.180928855164915,738.8271791075158,-0.2110245671083279,-0.546242122476451,-0.33292185996946355,-0.3786333447923894
qwen3,1.7b,ultrafeedback_binarized,1e-06,0.02,144,1024.2,56.655290102389074,21.71717171717172,34.495830174374525,67.26747659828719,75.29923830250273,47.39830101832187,63.35910938531985,49.3,51.31578947368421,3.851818695483276,737.049674279788,-0.598547750505554,-0.9653845818100397,-0.7319429618890033,-0.7819661661577968
qwen3,1.7b,ultrafeedback_binarized,1e-06,0.02,192,1365.5,56.74061433447098,22.727272727272727,34.11675511751327,67.24756024696276,75.29923830250273,47.37181550231857,65.02646311786062,48.233333333333334,50.993377483443716,3.9943947885170674,715.7823145426071,-0.1124767968342627,-1.374688316242643,-0.5714628038918556,-0.7435825565384528
qwen3,1.7b,ultrafeedback_binarized,1e-06,0.02,240,1706.9,56.996587030716725,21.21212121212121,33.35860500379076,67.34714200358495,75.1360174102285,47.3447059105215,63.984838007597624,49.633333333333326,51.31578947368421,4.573887930387046,753.9186149358499,-0.7374623431056158,-0.853660711596448,-0.7797162952841002,-0.7955615273510319
qwen3,1.7b,ultrafeedback_binarized,1e-06,0.02,288,2048.3,57.25255972696246,22.22222222222222,33.73768006065201,67.33718382792271,75.1904243743199,47.299364154097816,64.64054264906005,50.33333333333333,52.317880794701985,4.002607929591288,761.0625329220985,-0.2944687053381479,-0.6304874416615539,-0.4166573367284773,-0.46247807349985093
qwen3,1.7b,ultrafeedback_binarized,1e-06,0.02,336,2389.7,56.8259385665529,22.727272727272727,33.05534495830174,67.167894841665,75.57127312295974,47.380134558036175,64.71922277335248,47.3,50.324675324675326,3.8010643362935226,745.1794628815492,-0.48421016511495624,-0.9120193583377206,-0.6397771444686887,-0.6981147617263385
qwen3,1.7b,ultrafeedback_binarized,1e-06,0.02,384,2731.1,56.655290102389074,21.71717171717172,33.73768006065201,67.26747659828719,75.35364526659413,47.25313001776822,65.15512174364021,50.43333333333333,51.633986928104584,4.403141818103882,757.09995576074,-0.49072101045845207,-0.6850866823238645,-0.5613994365913293,-0.5879038463911583
qwen3,1.7b,ultrafeedback_binarized,1e-06,0.02,432,3072.5,57.081911262798634,23.232323232323232,33.131159969673995,67.1579366660028,75.78890097932536,47.28148257237573,64.91282020594245,51.166666666666664,53.94736842105263,4.113314390194643,760.1687529333117,-0.3890157652317465,-0.6338776336978988,-0.4780564446739838,-0.5114466994648227
qwen3,1.7b,ultrafeedback_binarized,1e-06,0.02,478,3399.6,56.655290102389074,22.727272727272727,33.131159969673995,67.25751842262497,75.29923830250273,47.32859478347331,66.08559732620559,49.26666666666666,50.967741935483865,4.625755258935885,758.0087846319757,-0.5076425689247394,-0.656202245450469,-0.5616642694795502,-0.5819224071876041
qwen3,1.7b,ultrafeedback_binarized,1e-06,0.04,48,348.5,56.655290102389074,23.737373737373737,34.34420015163002,67.26747659828719,75.40805223068553,47.497285336840775,64.18840897706973,48.36666666666666,48.675496688741724,3.793825189123479,734.8872453943688,0.0032176174745239816,-0.714070831368984,-0.2576145457412971,-0.35542660694723
qwen3,1.7b,ultrafeedback_binarized,1e-06,0.04,96,697.0,56.31399317406144,22.727272727272727,32.752084912812734,67.33718382792271,75.40805223068553,47.26467905093362,64.79042274498332,48.86666666666666,55.29801324503312,4.854716895578635,786.1228438538338,-0.5151799124802007,0.8631080645965165,-0.013984284452303547,0.1739640760581579
qwen3,1.7b,ultrafeedback_binarized,1e-06,0.04,144,1045.6,56.8259385665529,21.71717171717172,32.60045489006823,67.32722565226051,75.24483133841132,47.38640602478057,65.79708506762057,48.43333333333333,48.701298701298704,4.432635036102159,742.1946580981773,-0.3687040772189349,-0.8285487841650653,-0.5359203342902551,-0.5986264306920001
qwen3,1.7b,ultrafeedback_binarized,1e-06,0.04,192,1394.1,56.8259385665529,20.707070707070706,32.90371493555724,67.19776936865166,75.57127312295974,47.2723543245817,64.75795334157812,52.56666666666666,50.649350649350644,4.685720922953484,740.7141902553016,-0.48385068216601995,-0.40731178328466366,-0.45601835530007223,-0.4455812327253418
qwen3,1.7b,ultrafeedback_binarized,1e-06,0.04,240,1742.6,56.8259385665529,22.727272727272727,33.81349507202426,67.36705835490937,75.51686615886834,47.31339122477522,65.2475431854147,50.8,45.39473684210527,4.730588061633142,744.5501976103766,-0.14716567307027847,-1.0569041592355377,-0.47797966803946373,-0.602034916152908
qwen3,1.7b,ultrafeedback_binarized,1e-06,0.04,288,2091.1,56.8259385665529,22.22222222222222,34.420015163002276,67.23760207130054,75.24483133841132,47.29399875883751,63.454024211314874,50.266666666666666,50.98684210526315,4.256647281019914,745.9570826911558,-0.7161247758250759,-0.9440231729128341,-0.7989969202206243,-0.830073974368955
qwen3,1.7b,ultrafeedback_binarized,1e-06,0.04,336,2439.6,56.655290102389074,23.232323232323232,32.676269901440484,67.23760207130054,75.29923830250273,47.29114066812615,64.56435590898815,49.766666666666666,50.0,3.61507779481657,744.320140567241,-0.7394247630955295,-0.8067993304367155,-0.7639246057650517,-0.7731120467661226
qwen3,1.7b,ultrafeedback_binarized,1e-06,0.04,384,2788.2,56.996587030716725,22.727272727272727,33.131159969673995,67.20772754431388,75.1904243743199,47.28865089612032,64.80915083090643,49.166666666666664,50.66225165562914,4.015125558595877,742.8281212454827,-0.3896348016049087,-1.0801887140901194,-0.6407453152358944,-0.7349117578475141
qwen3,1.7b,ultrafeedback_binarized,1e-06,0.04,432,3136.7,56.91126279863481,25.757575757575758,33.2827899924185,67.28739294961163,75.35364526659413,47.257870253296836,64.70548145587043,51.0,52.960526315789465,3.7306423806608735,741.6783468793113,-0.3666265334846998,-0.9126608603755888,-0.5651844705359322,-0.6396436969301443
qwen3,1.7b,ultrafeedback_binarized,1e-06,0.04,478,3470.7,56.8259385665529,24.242424242424242,33.05534495830174,67.22764389563832,75.51686615886834,47.249945355286386,61.701729189661215,50.03333333333333,50.0,4.241628224721944,742.8363845600496,-0.6278671039578873,-0.8678080542478681,-0.7151183586087894,-0.7478375791028777
qwen3,1.7b,ultrafeedback_binarized,2e-06,0.01,48,354.3,56.8259385665529,25.252525252525253,33.66186504927976,67.09818761202948,75.40805223068553,47.23525693556421,64.6705186682447,49.633333333333326,50.649350649350644,4.538894911219123,762.1362948834434,-0.4577937467176675,0.8055389930654594,0.0015999768398331706,0.17387262317389596
qwen3,1.7b,ultrafeedback_binarized,2e-06,0.01,96,708.6,56.996587030716725,23.232323232323232,31.69067475360121,67.35710017924717,74.9183895538629,47.33124390106963,65.4161513672611,49.96666666666666,54.333333333333336,4.517314663700138,762.9562895900559,-0.2232904778558288,0.36406451550048824,-0.00970684390807714,0.07038701882232971
qwen3,1.7b,ultrafeedback_binarized,2e-06,0.01,144,1062.9,57.081911262798634,22.727272727272727,32.069749810462476,67.4268074088827,75.46245919477693,47.32751081958828,64.82538553260903,51.53333333333333,51.34228187919463,4.372842300282279,738.2369596193663,0.00204243306909202,-0.3935319105153079,-0.14180278277978067,-0.19574473872310794
qwen3,1.7b,ultrafeedback_binarized,2e-06,0.01,192,1417.2,56.91126279863481,21.71717171717172,31.0841546626232,67.31726747659829,75.1360174102285,47.33634714675368,64.53437988980349,52.8,52.30263157894737,4.280572552269607,746.6009328720714,-0.7306140075554788,-0.31622088067708587,-0.5799255977815178,-0.5234174441162823
qwen3,1.7b,ultrafeedback_binarized,2e-06,0.01,240,1771.5,56.655290102389074,23.737373737373737,30.477634571645183,67.36705835490937,75.0816104461371,47.24473211344354,64.46068653395214,50.33333333333333,54.57516339869281,4.885487206150323,749.799204884312,-0.7365507846702262,-0.6482534419686782,-0.7044426600514815,-0.6924021133194522
qwen3,1.7b,ultrafeedback_binarized,2e-06,0.01,288,2125.8,56.996587030716725,20.707070707070706,29.946929492039427,67.486556462856,75.29923830250273,47.20922110740177,65.42113813570217,49.16666666666666,57.284768211920536,5.039073934711337,772.0798789959211,-0.5375740304214024,-0.0950833327539857,-0.37666832217870544,-0.31632868158769406
qwen3,1.7b,ultrafeedback_binarized,2e-06,0.01,336,2480.1,56.74061433447098,23.737373737373737,30.022744503411676,67.486556462856,75.46245919477693,47.346896342213874,64.92030035860405,52.099999999999994,55.960264900662246,4.690628476630995,754.7852993245085,-0.408349827532374,-0.11473856464359382,-0.3015820955728175,-0.2615441960879839
qwen3,1.7b,ultrafeedback_binarized,2e-06,0.01,384,2834.3,57.33788395904437,23.232323232323232,29.64366944655042,67.56622186815375,75.29923830250273,47.289561024814084,64.06351813189005,51.03333333333333,53.74149659863946,4.643919437985167,765.7450300476451,-0.31793512620647163,-0.4035008576523987,-0.3490499376413541,-0.36071799192943516
qwen3,1.7b,ultrafeedback_binarized,2e-06,0.01,432,3188.6,57.16723549488054,24.242424242424242,30.78089461713419,67.486556462856,75.57127312295974,47.32714812930065,64.22337176469546,49.099999999999994,54.054054054054056,4.6173454835906265,776.2531807837411,-0.40958185378257833,-0.5614429350079407,-0.4648040651372556,-0.4855123943952595
qwen3,1.7b,ultrafeedback_binarized,2e-06,0.01,478,3528.2,56.91126279863481,22.727272727272727,29.567854435178166,67.40689105755825,75.29923830250273,47.36526331374147,65.35869271311232,55.46666666666667,61.33333333333333,5.041588203821737,746.5018669598733,-0.5290645174531257,0.24087457468776022,-0.24908666576553085,-0.14409497138268273
qwen3,1.7b,ultrafeedback_binarized,2e-06,0.02,48,342.4,56.399317406143346,22.22222222222222,35.6330553449583,67.25751842262497,75.62568008705114,47.31585875264268,66.16677083471855,49.56666666666666,51.98675496688742,3.832848178749476,721.3317844151454,0.4548246735383416,-0.2569635128799471,0.19599260574987296,0.09893058032919724
qwen3,1.7b,ultrafeedback_binarized,2e-06,0.02,96,684.8,56.74061433447098,24.242424242424242,32.97952994692949,67.28739294961163,75.24483133841132,47.30820408857972,63.911144651746255,48.4,50.649350649350644,4.329786915473009,736.7118467954267,-0.17581929387663697,-0.7097434263510278,-0.36997352386732457,-0.4427813601138324
qwen3,1.7b,ultrafeedback_binarized,2e-06,0.02,144,1027.3,56.484641638225256,22.727272727272727,32.221379833206974,67.23760207130054,75.35364526659413,47.40989417871607,65.91449576013866,50.33333333333333,48.68421052631579,4.554294905289376,733.6159596340945,-0.2904455078641281,-0.7040184978984487,-0.4408356860584266,-0.49723200288128844
qwen3,1.7b,ultrafeedback_binarized,2e-06,0.02,192,1369.7,56.74061433447098,22.727272727272727,30.856709628506447,67.3770165305716,75.40805223068553,47.31429875019299,63.973590074336094,53.3,54.276315789473685,5.521324918602768,732.1089372427756,-0.6033100799116035,-0.11252114153168467,-0.42484137504617847,-0.3579156107216441
qwen3,1.7b,ultrafeedback_binarized,2e-06,0.02,240,1712.1,56.996587030716725,24.242424242424242,31.69067475360121,67.38697470623381,75.1360174102285,47.437795412777085,65.96818663368751,53.4,55.70469798657718,4.563448981152717,746.9290508871818,0.04176860775818235,-0.4117090566263453,-0.12313236110891862,-0.18497022443408148
qwen3,1.7b,ultrafeedback_binarized,2e-06,0.02,288,2054.5,56.8259385665529,20.707070707070706,30.932524639878693,67.45668193586934,75.46245919477693,47.195251015806754,64.1097288527773,50.233333333333334,55.70469798657718,4.755244060348442,761.9037023878569,-0.7495248296537653,-0.3270363330091748,-0.5958926490557324,-0.53828058133147
qwen3,1.7b,ultrafeedback_binarized,2e-06,0.02,336,2396.9,57.25255972696246,22.22222222222222,31.15996967399545,67.43676558454491,75.51686615886834,47.302298164925894,64.76792687846027,53.03333333333333,52.27272727272727,4.726519111665873,729.3101997693009,-0.41414589962642623,-0.5158227108829873,-0.4511192855379029,-0.46498430525470674
qwen3,1.7b,ultrafeedback_binarized,2e-06,0.02,384,2739.4,57.081911262798634,23.737373737373737,30.477634571645183,67.52638916550488,75.46245919477693,47.31111672228776,64.59682531239334,51.699999999999996,56.95364238410596,4.5897075193436265,766.0710408574665,-0.09899786638039251,-0.21913717916322484,-0.14268488921051337,-0.1590675227718087
qwen3,1.7b,ultrafeedback_binarized,2e-06,0.02,432,3081.8,56.996587030716725,23.232323232323232,31.614859742228962,67.44672376020714,75.73449401523395,47.32884930102589,64.60807324565486,52.86666666666666,55.26315789473685,4.721557733714181,774.7859360173085,-0.43562429033230554,-0.2102109592934951,-0.3536558063181927,-0.3229176248129003
qwen3,1.7b,ultrafeedback_binarized,2e-06,0.02,478,3409.9,56.91126279863481,22.727272727272727,32.52463987869598,67.49651463851822,75.1904243743199,47.43769281634293,66.14178158397496,54.1,53.02013422818792,4.210045036474497,726.6971430079254,-0.2696621556707345,-0.5770252995849221,-0.38143057163953,-0.4233437276278283
qwen3,1.7b,ultrafeedback_binarized,2e-06,0.04,48,346.8,56.484641638225256,24.242424242424242,33.88931008339651,67.24756024696276,75.35364526659413,47.37520192288094,64.6105666298754,50.266666666666666,49.32432432432432,4.171488679718141,755.2711750649289,-0.2632415205330407,0.4129253910665125,-0.017362643587748628,0.07484193526673591
qwen3,1.7b,ultrafeedback_binarized,2e-06,0.04,96,693.5,56.8259385665529,22.727272727272727,32.52463987869598,67.30730930093607,75.46245919477693,47.39403429643714,65.20631923296853,51.5,54.966887417218544,4.336181579116667,755.8035380572005,0.02024131633438261,0.4141900522598403,0.1634954021254581,0.21721568429711144
qwen3,1.7b,ultrafeedback_binarized,2e-06,0.04,144,1040.3,57.423208191126285,22.22222222222222,31.46322971948446,67.29735112527385,75.51686615886834,47.50361920131327,63.973590074336094,51.666666666666664,51.65562913907284,4.716027934712745,742.6728110112025,-0.08139104227940866,-0.0859798269775133,-0.08305969126053764,-0.08368543462846098
qwen3,1.7b,ultrafeedback_binarized,2e-06,0.04,192,1387.0,57.081911262798634,22.727272727272727,33.05534495830174,67.40689105755825,75.29923830250273,47.370287624860566,64.97775901275283,51.633333333333326,52.666666666666664,4.340141382722424,736.1630994182503,0.030336974057289325,-0.5648482422913391,-0.1860940137058483,-0.2672556341170249
qwen3,1.7b,ultrafeedback_binarized,2e-06,0.04,240,1733.8,56.91126279863481,23.232323232323232,31.766489764973464,67.38697470623381,75.35364526659413,47.30309298145871,64.67301205246524,53.8,57.666666666666664,4.624743883191109,777.2980261706788,-0.38183572903365276,0.18211203156950068,-0.1767638160870515,-0.09986184873207604
qwen3,1.7b,ultrafeedback_binarized,2e-06,0.04,288,2080.5,57.16723549488054,23.737373737373737,32.14556482183472,67.49651463851822,75.0816104461371,47.271703575346656,63.6850778157511,55.0,52.36486486486487,4.367837715485142,754.8272089533261,-0.42973072522284905,-0.2580888143257603,-0.36731548489663496,-0.34390976977430465
qwen3,1.7b,ultrafeedback_binarized,2e-06,0.04,336,2427.3,56.996587030716725,24.242424242424242,30.932524639878693,67.4268074088827,75.35364526659413,47.37762612585455,64.46068653395214,51.766666666666666,50.32258064516129,5.4063203609073165,744.941263168897,-0.45129351722059846,-0.33904017279324045,-0.41047411924701377,-0.39516684500691945
qwen3,1.7b,ultrafeedback_binarized,2e-06,0.04,384,2774.0,56.655290102389074,21.71717171717172,31.69067475360121,67.5363473411671,75.24483133841132,47.35952507269591,64.53437988980349,50.49999999999999,53.61842105263158,4.45008636659167,754.9185613419227,-0.6039489999712183,-0.6162493148561807,-0.6084218417475683,-0.6100991574136996
qwen3,1.7b,ultrafeedback_binarized,2e-06,0.04,432,3120.8,57.16723549488054,22.22222222222222,31.766489764973464,67.33718382792271,75.35364526659413,47.43072680858087,65.39365550073805,50.7,51.98675496688742,4.257371775809534,798.8319127720799,-0.5743281254606968,-0.40939637393560374,-0.5143529430879357,-0.4918622496981503
qwen3,1.7b,ultrafeedback_binarized,2e-06,0.04,478,3453.1,56.655290102389074,21.71717171717172,31.99393479909022,67.4268074088827,75.40805223068553,47.43704850592137,64.55061459150609,47.83333333333333,56.41891891891891,5.073182338449947,740.962940661565,-0.6938196977419384,-0.6741205686801529,-0.6866563780831073,-0.6839701332110457
qwen3,1.7b,ultrafeedback_binarized,4e-06,0.01,48,345.3,57.16723549488054,21.71717171717172,34.26838514025777,67.35710017924717,75.46245919477693,47.47417933600852,64.94778299356818,47.99999999999999,52.5974025974026,4.766337216436681,763.7222451513451,0.3336409657151801,0.8476560613130184,0.5205555459325759,0.5906485135140993
qwen3,1.7b,ultrafeedback_binarized,4e-06,0.01,96,690.6,56.8259385665529,23.737373737373737,31.15996967399545,67.5363473411671,75.46245919477693,47.377569968483456,63.807475276710235,50.93333333333333,50.33333333333333,4.707309550112478,750.4712579157723,-0.10515559429896952,0.10443910534506845,-0.028939339882955717,-0.00035824447695053524
qwen3,1.7b,ultrafeedback_binarized,4e-06,0.01,144,1035.8,57.16723549488054,22.22222222222222,31.53904473085671,67.69567815176259,75.73449401523395,47.6610916204385,63.888648785223204,54.13333333333333,58.108108108108105,5.621373184646437,766.984682675242,0.3907947486826314,1.5936333076035478,0.8281905882902373,0.9922140281430896
qwen3,1.7b,ultrafeedback_binarized,4e-06,0.01,192,1381.1,57.5938566552901,22.22222222222222,31.842304776345713,67.79525990838479,75.84330794341676,47.43855885069612,65.0152151845991,52.73333333333333,63.42281879194631,6.360424095314722,747.3456921478912,0.7706682136153656,0.6971333852053359,0.7439282760117184,0.7339007994103508
qwen3,1.7b,ultrafeedback_binarized,4e-06,0.01,240,1726.4,56.996587030716725,24.242424242424242,32.52463987869598,67.9147580163314,76.16974972796517,47.554893124652736,65.7558611151744,56.03333333333333,69.38775510204081,7.181938125924811,771.2532596377262,0.8926963127125686,1.3752267040945438,1.0681619095787414,1.1339615084035561
qwen3,1.7b,ultrafeedback_binarized,4e-06,0.01,288,2071.7,57.76450511945392,21.21212121212121,32.90371493555724,67.92471619199362,75.95212187159956,47.55310666319432,64.3545237746956,56.29999999999999,59.863945578231295,7.364667976135533,757.4633788728974,0.5926856188016221,0.8363984719542378,0.6813084744934824,0.7145420453779299
qwen3,1.7b,ultrafeedback_binarized,4e-06,0.01,336,2416.9,58.02047781569966,26.262626262626267,33.81349507202426,67.97450707030472,75.89771490750816,47.68310769718588,65.38866873229698,55.766666666666666,67.48251748251748,7.419696248430103,746.8703310456249,1.3783239797580453,0.9092876112365578,1.2077653002956863,1.1438057954973015
qwen3,1.7b,ultrafeedback_binarized,4e-06,0.01,384,2762.2,57.508532423208194,22.727272727272727,34.11675511751327,67.99442342162916,76.38737758433079,47.56294125825474,64.38449979388024,54.0,63.94557823129252,7.524928098313974,789.1062404733068,0.758870144384283,1.103903231104658,0.8843367213735103,0.9313866877444705
qwen3,1.7b,ultrafeedback_binarized,4e-06,0.01,432,3107.5,57.67918088737202,24.242424242424242,33.434420015163,68.06413065126469,75.89771490750816,47.631234327105545,66.98859027380684,55.0,62.5,7.1920894412395135,780.1898826051494,1.0792046343510926,0.7797745301424848,0.9703209600934172,0.9294895822467887
qwen3,1.7b,ultrafeedback_binarized,4e-06,0.01,478,3438.4,57.25255972696246,23.232323232323232,34.19257012888552,68.01433977295359,76.00652883569097,47.6024615073872,64.44694521647007,54.13333333333333,68.40277777777779,7.459847232683418,782.8894255218635,0.6353916504695205,1.2717595022016264,0.8667981420084682,0.9535755763355734
qwen3,1.7b,ultrafeedback_binarized,4e-06,0.02,48,349.3,57.5938566552901,23.232323232323232,34.950720242608035,67.13802031467834,75.1904243743199,47.520113782519005,65.23380186793264,49.36666666666666,51.94805194805194,4.070683905228628,726.1916499241433,0.3109936350249723,-0.04927273738376617,0.17998768142179464,0.13086044882060305
qwen3,1.7b,ultrafeedback_binarized,4e-06,0.02,96,698.5,56.91126279863481,24.242424242424242,31.46322971948446,67.56622186815375,75.40805223068553,47.535138802569406,64.87408963771682,54.03333333333333,50.67567567567568,4.525767303222464,720.5894835973373,0.6043568603192054,0.05023053880334161,0.4028563797679823,0.3272936995612735
qwen3,1.7b,ultrafeedback_binarized,4e-06,0.02,144,1047.8,57.081911262798634,22.22222222222222,31.311599696739954,67.74546903007369,75.51686615886834,47.833591657196955,65.22504731889165,55.599999999999994,59.589041095890416,5.066244309719208,753.8275296948513,0.5111132480105441,1.3118851585259996,0.8023030336525278,0.9114992032682718
qwen3,1.7b,ultrafeedback_binarized,4e-06,0.02,192,1397.0,56.996587030716725,23.232323232323232,34.19257012888552,67.81517625970922,75.57127312295974,47.772719140590524,65.40739681822009,55.0,65.0,6.322960867443584,768.205687177028,1.0311110732059987,1.3102655504143779,1.132621792190864,1.1706883118101883
qwen3,1.7b,ultrafeedback_binarized,4e-06,0.02,240,1746.3,57.5938566552901,22.727272727272727,34.874905231235786,67.97450707030472,75.35364526659413,47.77550307562872,64.41946258150595,55.599999999999994,63.90728476821192,6.572681542062901,759.7212368064278,0.6380838927194856,0.8032917654963966,0.6981594828201806,0.720687829107941
qwen3,1.7b,ultrafeedback_binarized,4e-06,0.02,288,2095.5,57.423208191126285,23.232323232323232,35.25398028809704,68.03425612427803,75.68008705114254,47.92111477508516,65.52979427917924,52.8,67.8082191780822,7.017033373797147,740.0402229920862,1.0641879266403664,0.4361382267501101,0.835806217589364,0.7501630766952383
qwen3,1.7b,ultrafeedback_binarized,4e-06,0.02,336,2444.8,57.67918088737202,24.242424242424242,35.70887035633055,67.93467436765584,75.73449401523395,48.058061987217876,64.43320389898803,58.46666666666667,64.09395973154362,7.382747910713064,778.3274313063599,0.8578603678141283,1.3775698521219142,1.0468456348351414,1.1177151099680214
qwen3,1.7b,ultrafeedback_binarized,4e-06,0.02,384,2794.0,57.84982935153583,21.71717171717172,36.01213040181956,67.94463254331806,75.62568008705114,48.09709044773167,64.44943860069061,54.39999999999999,71.42857142857143,6.749121000231852,822.2514551965005,0.7421541740984141,1.634059826678821,1.0664835023094712,1.1881070003886176
qwen3,1.7b,ultrafeedback_binarized,4e-06,0.02,432,3143.3,57.84982935153583,22.22222222222222,36.23957543593632,67.89484166500696,76.00652883569097,48.01995213043364,66.06060807546199,58.76666666666666,69.6551724137931,6.564103714462578,806.9973617264175,1.0197071483324909,1.4683930928705375,1.1828656736190533,1.2440501206015142
qwen3,1.7b,ultrafeedback_binarized,4e-06,0.02,478,3478.0,57.33788395904437,24.242424242424242,36.08794541319181,68.01433977295359,75.73449401523395,48.03897471937385,65.19008453126594,54.46666666666666,65.51724137931035,6.9867189824261935,751.5681260660041,1.0543033195606346,0.7548614809906027,0.945415378262441,0.9045824002756186
qwen3,1.7b,ultrafeedback_binarized,4e-06,0.04,48,345.9,56.8259385665529,24.747474747474747,33.66186504927976,67.31726747659829,75.1904243743199,47.49631272547829,64.94778299356818,49.06666666666666,51.006711409395976,4.067936775617734,744.6966391178357,0.11682588974914758,0.07685626364044873,0.10229148025507527,0.09684107669479816
qwen3,1.7b,ultrafeedback_binarized,4e-06,0.04,96,691.8,57.16723549488054,22.727272727272727,32.60045489006823,67.43676558454491,75.57127312295974,47.6094172717988,64.29207835210575,50.53333333333333,51.33333333333333,5.258310803336447,762.0022616082664,0.5068924909817522,0.7154983377366485,0.5827491625289872,0.6111954143592003
qwen3,1.7b,ultrafeedback_binarized,4e-06,0.04,144,1037.7,57.081911262798634,23.737373737373737,33.434420015163,67.57618004381597,75.35364526659413,47.84972419928586,64.17466765958767,51.96666666666666,56.5068493150685,4.744701831608915,762.9621671619427,0.7325090700462317,0.6791941728253892,0.713121834693198,0.7058516214358104
qwen3,1.7b,ultrafeedback_binarized,4e-06,0.04,192,1383.5,56.74061433447098,22.727272727272727,34.874905231235786,67.71559450308703,75.46245919477693,47.84603497000437,64.50689725483937,58.633333333333326,63.26530612244898,7.0085933425872895,751.8221239495962,0.5928278846682178,1.4728875310169254,0.9128495742495659,1.0328577078425716
qwen3,1.7b,ultrafeedback_binarized,4e-06,0.04,240,1729.4,57.423208191126285,22.22222222222222,37.6800606520091,67.73551085441147,75.57127312295974,47.93898556885055,65.5273008949587,56.46666666666667,61.74496644295302,6.022817227523659,797.817515322046,1.0012478380001322,1.262822422283243,1.096365868648536,1.1320351301416876
qwen3,1.7b,ultrafeedback_binarized,4e-06,0.04,288,2075.3,57.423208191126285,23.232323232323232,39.57543593631539,67.69567815176259,75.73449401523395,48.04112438402965,65.75586111517441,56.53333333333333,64.48275862068965,6.880234692929845,784.6285262293471,1.238934939909711,1.498875189136925,1.333458666901425,1.368905064523318
qwen3,1.7b,ultrafeedback_binarized,4e-06,0.04,336,2421.2,57.081911262798634,22.22222222222222,39.65125094768764,67.72555267874925,75.89771490750816,48.071239409381135,65.10763662637358,58.69999999999999,65.38461538461539,6.258245483538487,790.8934654200518,0.8416680390254598,1.4058719621656297,1.0468331019855215,1.1237700005955449
qwen3,1.7b,ultrafeedback_binarized,4e-06,0.04,384,2767.1,56.91126279863481,21.21212121212121,38.210765731614856,67.79525990838479,75.24483133841132,48.12059405016439,65.02646311786062,56.76666666666666,63.17567567567568,7.068431544564066,767.3729493611534,0.36065406757247637,1.0365254466122378,0.6064254781323896,0.698589757092357
qwen3,1.7b,ultrafeedback_binarized,4e-06,0.04,432,3113.0,57.16723549488054,23.232323232323232,40.10614101592115,67.82513443537144,75.73449401523395,48.205758615611636,64.99648709867596,57.93333333333333,65.56291390728477,6.951424918017313,822.3260352093291,0.7240820328292426,1.4322530069807224,0.981598750702508,1.0781675199049825
qwen3,1.7b,ultrafeedback_binarized,4e-06,0.04,478,3444.5,57.081911262798634,25.252525252525253,39.8786959818044,67.82513443537144,75.95212187159956,48.2428191839462,65.85077594116943,55.73333333333333,65.87837837837837,6.524644378799373,803.7385902226927,1.4097604791470508,1.359068770930429,1.3913271307046429,1.38441462503874
